topology.workers,component.bolt_num,topology.acker.executors,message.size,component.spout_num,topology.serialized.message.size.metrics,topology.max.spout.pending,storm.messaging.netty.min_wait_ms,topology.transfer.buffer.size,storm.messaging.netty.max_wait_ms,topology.level,topology.priority,<$latency
4,1,2,10,1,1,1000,10,1024,100,2,0,30.95
4,1,2,10,1,1,1000,1000,1024,10000,5,0,96.25
2,1,2,1000000,1,0,1,1000,512,10000,2,0,12.3
2,1,2,1000000,10,1,1,1000,512,10000,2,0,0
4,10,2,1000000,10,1,1000,1000,512,10000,5,0,44.73333333
2,10,4,10,10,0,1,10,1024,100,5,29,1.375
4,10,4,1000000,10,1,1,1000,512,10000,5,0,822.0833333
2,10,2,1000000,1,1,1,1000,512,10000,2,29,6.525
4,10,2,10,10,1,1000,1000,512,10000,5,0,1774.466667
2,1,2,1000000,1,1,1000,10,512,100,2,0,1792.666667
2,1,4,1000000,1,1,1,10,512,100,2,29,11.8
2,1,4,1000000,1,1,1000,1000,1024,10000,5,0,682.375
4,10,4,10,1,1,1,1000,512,10000,5,0,1.241666667
2,10,2,10,1,1,1,10,512,100,2,29,1.1
4,10,2,10,1,0,1000,10,512,100,5,29,85.15833333
2,10,2,10,1,0,1,10,512,100,2,0,1.1
2,10,2,10,1,1,1,1000,512,10000,2,0,1.1
4,1,4,10,1,1,1,10,512,100,5,29,1.241666667
4,1,2,10,10,1,1,10,1024,100,5,29,2.441666667
2,10,4,1000000,1,1,1,1000,1024,10000,5,0,15.5
2,10,2,1000000,10,1,1,1000,512,10000,5,0,0
2,10,4,10,10,1,1,1000,512,10000,5,29,1.391666667
4,10,4,1000000,1,0,1,1000,1024,10000,5,29,18.59166667
4,1,4,10,10,1,1,10,1024,100,5,0,2.7
2,1,4,10,1,0,1,10,512,100,2,0,1.1
4,10,2,1000000,10,0,1,10,512,100,5,29,2.541666667
4,1,2,1000000,10,1,1000,10,512,100,5,0,0
2,1,4,1000000,1,0,1000,10,1024,100,2,0,151.95
2,10,4,10,1,0,1,10,512,100,5,29,1.125
2,10,2,1000000,1,1,1000,1000,512,10000,5,29,0
4,1,4,1000000,10,1,1,1000,512,10000,2,0,36.99166667
2,10,4,10,10,0,1,10,512,100,5,0,1.416666667
2,10,2,10,1,0,1000,1000,512,10000,5,29,59.675
2,1,2,10,10,1,1000,1000,512,10000,5,0,595.5416667
2,10,4,10,1,0,1,1000,1024,10000,5,29,1.116666667
2,1,4,1000000,10,1,1,1000,1024,10000,2,29,0
2,1,2,10,10,0,1000,1000,512,10000,2,0,393.2166667
4,1,2,10,1,0,1000,10,512,100,2,0,33.05
2,10,2,10,1,0,1000,10,512,100,5,29,53.39166667
2,10,4,1000000,10,0,1,1000,512,10000,2,29,0
4,10,4,1000000,10,1,1,1000,512,10000,2,0,80.3
4,10,2,10,1,0,1,1000,1024,10000,2,29,1.183333333
4,10,4,10,10,1,1000,10,1024,100,5,0,2024.625
4,10,4,10,1,0,1,10,512,100,5,29,1.25
2,10,2,10,10,0,1,10,1024,100,2,0,1.116666667
4,10,2,10,10,1,1000,10,512,100,2,0,525.3583333
2,10,4,10,10,0,1,1000,1024,10000,2,0,1.125
2,1,2,1000000,10,1,1,10,512,100,2,0,0
4,1,4,10,10,1,1,1000,512,10000,5,0,2.683333333
4,1,4,10,1,0,1000,1000,512,10000,2,29,19.575
2,10,4,10,1,0,1000,1000,1024,10000,5,0,39.58333333
4,10,2,1000000,10,0,1,1000,512,10000,2,0,32.2
2,1,4,10,10,1,1,10,1024,100,2,29,1.116666667
4,1,2,1000000,1,0,1,10,1024,100,2,29,5.266666667
4,1,2,1000000,1,1,1,1000,1024,10000,5,29,22.675
2,1,4,1000000,1,0,1,1000,1024,10000,5,29,19.45
2,10,4,1000000,1,1,1000,10,1024,100,2,29,1877.083333
2,10,4,1000000,1,0,1000,1000,1024,10000,2,0,1429.391667
4,1,2,1000000,1,1,1,1000,512,10000,5,0,22.6
4,10,4,10,10,1,1,10,512,100,2,0,1.441666667
4,1,4,10,1,1,1,10,512,100,2,0,1.166666667
2,10,4,10,10,0,1000,1000,1024,10000,5,0,649.1833333
2,1,4,10,10,0,1000,10,1024,100,5,29,613.6416667
4,1,4,10,10,0,1,1000,512,10000,2,0,1.7
2,1,2,10,1,1,1000,1000,1024,10000,2,0,19.8
4,1,4,1000000,1,0,1000,1000,512,10000,2,29,758.3833333
4,1,2,1000000,10,0,1000,10,1024,100,5,0,0
2,10,2,10,10,1,1,1000,1024,10000,5,29,1.375
2,1,4,10,1,0,1,1000,1024,10000,5,29,1.1
2,10,4,10,10,0,1,10,512,100,2,0,1.108333333
2,10,4,1000000,10,1,1,10,512,100,5,0,0
2,1,2,10,1,1,1000,1000,1024,10000,5,29,63.58333333
4,10,2,10,1,0,1,1000,512,10000,5,29,1.258333333
4,10,2,1000000,10,1,1000,1000,1024,10000,2,29,12.7
2,1,4,1000000,10,1,1,10,512,100,5,29,0
2,1,2,1000000,10,0,1,1000,1024,10000,5,0,0
4,10,4,10,1,0,1,1000,1024,10000,5,29,1.258333333
4,1,2,10,1,1,1000,1000,512,10000,2,29,37.10833333
2,10,2,10,10,1,1,10,1024,100,2,0,1.125
4,10,2,1000000,10,1,1,1000,512,10000,5,0,379.5833333
4,1,4,10,1,0,1,1000,1024,10000,2,0,1.133333333
4,10,2,10,1,1,1000,10,1024,100,5,29,73.85833333
2,10,4,10,1,1,1000,1000,1024,10000,5,29,36.4
4,1,2,1000000,10,0,1000,10,512,100,5,0,0
2,10,4,10,10,1,1,10,1024,100,2,29,1.141666667
2,10,4,10,1,0,1,1000,512,10000,5,29,1.108333333
2,1,4,1000000,10,0,1,10,1024,100,5,29,0
4,10,2,1000000,10,0,1000,10,1024,100,5,0,0
2,1,4,1000000,1,0,1,10,512,100,2,29,11.75
2,1,2,10,1,0,1,1000,512,10000,2,29,1.1
4,10,4,1000000,1,0,1000,1000,512,10000,2,0,1316.05
2,10,4,1000000,1,1,1000,1000,1024,10000,5,0,777.25
4,10,4,10,1,1,1000,10,1024,100,5,0,53.89166667
2,10,2,1000000,10,0,1000,10,1024,100,5,0,0
2,10,4,1000000,1,1,1000,1000,1024,10000,5,29,741
2,1,4,10,1,1,1000,1000,1024,10000,2,29,11.825
4,10,4,1000000,10,0,1,10,512,100,5,0,4.033333333
4,10,2,1000000,10,0,1,10,512,100,2,29,33.775
2,1,2,1000000,10,1,1,10,1024,100,5,29,0
2,10,4,1000000,1,0,1,1000,512,10000,2,29,6.7
4,10,4,1000000,1,0,1,10,512,100,5,0,18.21666667
2,10,2,10,10,1,1,1000,512,10000,5,29,1.425
4,1,2,1000000,10,1,1,1000,512,10000,5,0,86.65833333
2,10,2,10,1,1,1,10,1024,100,5,29,1.116666667
2,10,4,1000000,10,0,1,10,512,100,2,29,0
2,10,4,1000000,10,1,1000,10,512,100,2,0,0
4,1,4,10,10,0,1,1000,512,10000,2,29,1.716666667
4,10,2,1000000,10,1,1,10,1024,100,5,29,0
4,1,4,1000000,1,1,1,10,512,100,2,0,8.183333333
2,1,4,1000000,10,1,1,10,1024,100,5,0,0
2,10,4,10,10,1,1000,1000,1024,10000,5,29,647.675
2,1,2,1000000,10,0,1,10,512,100,2,29,0
2,1,4,10,1,0,1000,10,512,100,5,29,44.55833333
4,1,4,10,10,0,1000,10,512,100,2,29,532.3083333
4,1,2,10,10,0,1000,10,512,100,5,0,2519.608333
2,10,4,1000000,10,0,1000,10,512,100,2,29,0
2,1,2,1000000,1,0,1,10,512,100,2,0,96.40833333
2,10,4,1000000,1,1,1000,1000,1024,10000,2,0,1059.3
4,10,2,1000000,1,1,1000,10,1024,100,5,0,0
2,1,2,1000000,1,1,1,1000,1024,10000,2,0,11.34166667
4,10,2,1000000,10,1,1,10,512,100,2,29,227.0166667
4,10,2,10,10,0,1000,1000,512,10000,5,29,1389.741667
2,1,4,10,1,0,1,1000,1024,10000,2,0,1.1
4,10,4,1000000,1,0,1000,10,1024,100,5,0,0
2,10,4,1000000,10,1,1,1000,1024,10000,2,29,0
2,10,2,1000000,10,1,1,1000,1024,10000,5,29,0
4,1,4,10,10,0,1000,10,512,100,2,0,512.0833333
2,10,4,1000000,10,0,1000,1000,512,10000,2,0,0
2,1,4,1000000,10,1,1000,1000,512,10000,5,29,0
2,1,2,10,1,1,1,10,1024,100,2,29,1.1
4,10,4,1000000,1,1,1,10,1024,100,5,29,18.5
4,10,4,1000000,1,0,1000,1000,1024,10000,5,29,5161.558333
2,10,4,10,1,1,1,1000,512,10000,5,29,1.108333333
2,10,4,10,1,0,1000,1000,1024,10000,2,0,10.31666667
2,10,2,1000000,10,1,1000,10,1024,100,5,29,0
4,10,2,1000000,1,0,1000,1000,1024,10000,5,0,1315.375
2,10,4,10,1,1,1000,10,1024,100,2,0,7.75
4,10,4,1000000,10,0,1,1000,1024,10000,2,0,331.9333333
4,10,4,10,10,0,1,1000,1024,10000,2,0,1.425
4,10,4,1000000,10,1,1,1000,1024,10000,2,0,76.41666667
4,10,4,10,10,0,1000,10,1024,100,5,0,1794.483333
4,10,2,10,10,0,1,10,1024,100,5,0,2.733333333
4,10,2,10,1,0,1,1000,1024,10000,2,0,1.15
2,10,2,1000000,1,1,1000,1000,512,10000,2,0,1630.975
2,10,2,1000000,1,1,1,1000,1024,10000,2,29,6.616666667
2,10,2,10,10,1,1000,1000,512,10000,2,0,259.825
4,10,2,10,1,0,1000,1000,512,10000,2,0,21.4
4,10,4,10,10,0,1000,10,1024,100,5,29,2071.958333
4,1,2,1000000,10,1,1000,1000,512,10000,2,29,60.2
4,10,2,1000000,1,0,1000,10,512,100,5,0,0
4,1,4,1000000,10,0,1,10,1024,100,2,0,22.66666667
2,10,4,10,1,0,1,1000,512,10000,2,0,1.1
4,10,2,10,10,1,1,10,512,100,5,29,2.666666667
2,10,4,10,1,0,1000,10,512,100,2,0,7.85
4,10,4,10,1,1,1000,1000,1024,10000,2,0,16.325
2,1,4,1000000,10,0,1000,1000,1024,10000,2,29,0
4,1,4,10,10,0,1000,1000,512,10000,2,29,611.725
2,1,4,1000000,1,1,1000,1000,512,10000,2,0,0
4,1,4,1000000,1,1,1,1000,1024,10000,5,29,19.53333333
4,10,2,10,10,0,1000,1000,512,10000,2,29,553
4,10,4,10,10,0,1,10,1024,100,2,29,1.4
2,10,4,10,1,1,1000,1000,512,10000,5,29,38.075
4,1,4,1000000,10,1,1000,10,512,100,2,0,155.575
2,1,4,1000000,1,0,1000,1000,512,10000,2,29,0
2,1,4,1000000,10,1,1,1000,512,10000,5,29,0
4,10,4,1000000,1,1,1000,10,512,100,5,0,1422.783333
2,10,2,10,1,1,1000,10,512,100,2,0,18.8
2,1,2,10,1,0,1,1000,512,10000,5,29,1.141666667
4,1,2,1000000,1,1,1000,1000,1024,10000,2,29,2892.666667
2,1,4,10,10,1,1000,10,1024,100,2,29,234.7666667
2,10,2,10,1,0,1000,10,1024,100,5,0,54.925
2,1,2,10,1,1,1,10,512,100,2,29,1.1
4,1,4,10,1,1,1,10,1024,100,2,29,1.125
4,10,4,1000000,1,0,1000,1000,512,10000,5,29,5188.041667
2,10,2,1000000,1,1,1,10,512,100,5,29,15.55
2,1,2,1000000,10,1,1000,10,512,100,2,0,0
4,10,4,10,1,1,1,1000,1024,10000,2,0,1.2
4,1,4,10,10,1,1,1000,512,10000,2,0,1.425
2,10,2,10,1,1,1,10,1024,100,2,29,1.1
4,1,4,1000000,1,1,1,10,1024,100,2,29,8.733333333
4,1,4,10,10,1,1,10,512,100,2,29,1.35
2,10,4,10,10,1,1,10,512,100,2,29,1.108333333
4,1,2,1000000,10,1,1,1000,1024,10000,2,29,28.29166667
4,1,2,1000000,1,0,1,1000,512,10000,5,0,25.45
2,1,4,10,1,0,1000,10,1024,100,2,0,12.71666667
4,10,2,1000000,10,0,1000,1000,1024,10000,5,0,134.9
4,10,4,10,10,0,1000,1000,1024,10000,5,29,2152.908333
4,1,4,10,1,0,1000,10,512,100,5,29,84.60833333
2,10,2,10,1,0,1000,1000,1024,10000,2,29,18.85
4,1,4,10,1,0,1000,1000,512,10000,5,0,85.475
4,10,2,1000000,10,0,1000,10,512,100,5,0,104.8666667
2,1,2,1000000,1,1,1,10,1024,100,2,0,11.125
4,10,4,10,10,1,1,1000,1024,10000,2,29,1.45
2,1,4,10,1,1,1000,1000,512,10000,5,0,43.63333333
2,10,4,10,1,1,1000,10,1024,100,5,0,37.08333333
4,1,4,10,1,0,1000,10,1024,100,2,0,23.11666667
2,1,4,10,1,1,1000,1000,1024,10000,2,0,11.625
4,1,2,1000000,10,1,1000,10,512,100,2,29,28.55
4,10,2,10,10,0,1000,10,512,100,5,0,2077.391667
4,10,4,1000000,10,0,1,10,1024,100,2,0,67.19166667
2,10,2,1000000,1,0,1000,10,512,100,5,0,0
2,10,2,10,10,0,1000,10,1024,100,5,0,736.8916667
4,1,2,1000000,1,0,1,10,1024,100,2,0,5.233333333
4,10,4,1000000,10,0,1000,1000,1024,10000,2,29,52.46666667
4,1,4,10,10,1,1000,10,512,100,2,29,540.65
4,1,2,1000000,1,0,1,1000,512,10000,2,29,5.216666667
2,1,4,1000000,10,1,1000,1000,512,10000,5,0,0
4,10,2,10,1,1,1000,10,512,100,2,0,28.40833333
2,1,2,1000000,10,1,1,1000,1024,10000,5,0,0
2,1,4,1000000,1,0,1,10,512,100,5,0,20.6
2,1,2,1000000,1,1,1000,1000,1024,10000,2,0,2963.033333
2,1,4,10,10,1,1,10,1024,100,5,29,1.325
2,1,4,10,1,0,1,10,512,100,2,29,1.1
2,1,4,1000000,1,1,1000,1000,1024,10000,2,29,0
4,1,2,10,1,1,1000,1000,512,10000,2,0,37.59166667
4,1,2,1000000,10,0,1,1000,1024,10000,5,0,287.3166667
2,10,2,10,10,0,1000,1000,1024,10000,2,29,256.725
4,1,4,1000000,1,1,1,10,512,100,5,29,19.19166667
2,1,2,10,10,0,1,10,1024,100,5,0,1.258333333
4,10,4,10,10,1,1000,1000,512,10000,2,29,832.9083333
4,10,4,1000000,1,1,1000,10,1024,100,2,0,1706.666667
2,1,2,10,10,0,1,1000,1024,10000,5,0,1.291666667
2,1,2,1000000,10,0,1000,1000,512,10000,5,29,0
2,1,2,1000000,10,1,1000,10,1024,100,5,29,0
2,10,2,1000000,10,0,1,10,512,100,5,0,0
4,10,4,10,10,0,1000,10,1024,100,2,0,714.4166667
2,10,4,10,1,1,1000,1000,1024,10000,5,0,45.65833333
2,1,2,1000000,1,1,1000,1000,1024,10000,2,29,165.225
2,1,4,1000000,1,0,1000,10,1024,100,2,29,934.9166667
2,10,2,1000000,1,0,1,10,512,100,2,29,6.25
4,1,4,10,1,1,1000,1000,1024,10000,2,29,16.08333333
4,10,4,1000000,1,1,1,10,1024,100,5,0,18.05
2,1,4,1000000,1,0,1000,1000,512,10000,5,0,676.3
2,10,2,1000000,10,0,1,10,1024,100,2,29,0
4,1,4,10,1,1,1000,1000,512,10000,5,29,97.86666667
4,1,4,10,1,0,1,1000,512,10000,5,0,1.258333333
4,10,4,10,1,1,1000,10,1024,100,5,29,51.26666667
2,1,4,10,10,1,1000,10,1024,100,5,29,607.9083333
2,10,2,1000000,1,1,1,10,512,100,2,29,6.216666667
4,1,4,10,10,1,1000,1000,512,10000,5,0,1578.991667
2,10,4,10,1,1,1,1000,1024,10000,5,0,1.125
2,1,2,10,10,1,1,1000,1024,10000,5,29,1.591666667
4,1,4,10,1,1,1,10,1024,100,2,0,1.158333333
2,10,4,1000000,10,1,1,10,1024,100,2,0,0
2,1,4,10,1,0,1000,1000,512,10000,5,0,50.91666667
4,10,2,1000000,10,1,1,10,512,100,2,0,152.6583333
2,1,4,1000000,1,1,1000,10,512,100,5,0,0
4,10,4,1000000,10,1,1,10,512,100,5,0,61.89166667
2,10,2,10,1,1,1000,1000,1024,10000,5,0,61.16666667
4,1,2,1000000,1,0,1000,10,1024,100,5,0,2987.45
2,10,2,1000000,10,0,1,10,512,100,2,29,0
2,1,4,10,1,1,1,10,1024,100,2,0,1.1
2,1,2,1000000,10,1,1,10,512,100,5,29,0
2,1,4,1000000,10,1,1,1000,1024,10000,2,0,0
2,1,4,10,10,1,1,10,512,100,2,29,1.166666667
2,1,4,10,10,1,1000,1000,1024,10000,2,0,239.925
4,1,2,10,10,1,1,10,1024,100,5,0,2.475
4,1,2,1000000,1,0,1000,10,512,100,5,0,2584.466667
2,1,4,1000000,1,0,1,1000,512,10000,2,29,65.15833333
2,1,2,1000000,10,0,1,10,512,100,2,0,0
4,1,2,1000000,10,1,1000,1000,512,10000,5,29,0
2,10,2,1000000,1,1,1000,10,512,100,5,29,580.325
2,1,2,10,10,1,1000,10,512,100,5,0,580.1083333
4,10,4,1000000,1,1,1,1000,1024,10000,2,0,19.55
4,10,4,10,1,1,1,10,512,100,2,29,1.133333333
4,1,4,10,1,0,1000,1000,512,10000,5,29,87.73333333
4,10,4,1000000,10,0,1000,1000,1024,10000,5,29,0
4,10,4,1000000,1,0,1,1000,512,10000,5,29,19.275
2,10,2,10,1,1,1000,1000,1024,10000,5,29,64.04166667
2,10,4,1000000,1,0,1000,10,512,100,5,29,506.1666667
4,1,2,1000000,10,1,1000,10,1024,100,5,29,0
2,10,4,10,10,1,1,10,512,100,5,29,1.4
2,1,2,1000000,1,0,1,10,512,100,2,29,11.74166667
4,10,4,1000000,10,0,1000,10,512,100,5,0,0
2,1,2,1000000,1,0,1,10,512,100,5,0,568.9
4,10,4,1000000,1,1,1000,1000,1024,10000,5,29,0
4,10,2,10,1,1,1000,10,1024,100,5,0,75.31666667
2,1,4,1000000,10,0,1,10,512,100,2,0,0
4,1,2,10,10,1,1,1000,512,10000,5,29,2.558333333
2,10,4,10,10,0,1,10,512,100,2,29,1.108333333
2,10,4,10,10,1,1000,1000,512,10000,2,0,264.4416667
2,1,2,1000000,10,0,1,10,1024,100,2,29,0
4,1,2,10,1,0,1000,1000,512,10000,2,29,42.55833333
4,10,2,1000000,1,0,1,10,512,100,5,29,19.08333333
4,10,4,10,1,0,1,10,1024,100,5,29,1.241666667
2,10,2,1000000,1,0,1000,1000,1024,10000,2,0,467.9416667
2,10,2,1000000,10,1,1,10,1024,100,5,29,0
2,10,4,1000000,10,1,1000,10,512,100,5,0,0
2,1,2,1000000,1,0,1000,1000,1024,10000,2,0,3211.591667
4,1,2,1000000,1,1,1,10,1024,100,5,29,23.575
2,1,2,10,1,0,1,1000,1024,10000,2,0,1.1
4,10,2,10,1,1,1000,1000,1024,10000,5,29,77.64166667
4,1,4,1000000,1,0,1000,1000,1024,10000,5,0,756.9333333
4,1,4,1000000,10,1,1000,1000,512,10000,2,29,161.3583333
2,1,2,10,1,1,1000,1000,1024,10000,5,0,62.375
4,10,2,1000000,10,0,1,10,512,100,2,0,57.99166667
2,1,4,1000000,1,1,1,1000,512,10000,5,0,166.0916667
2,1,4,1000000,10,0,1,1000,1024,10000,2,0,0
4,1,2,10,10,1,1,10,512,100,5,0,2.5
2,10,2,10,1,1,1000,10,1024,100,5,29,55
4,1,2,10,1,0,1,10,1024,100,5,0,1.225
4,1,4,1000000,1,1,1000,10,1024,100,2,29,477.1666667
4,1,2,1000000,1,1,1,1000,512,10000,5,29,22.75833333
2,1,4,10,1,0,1000,1000,1024,10000,2,29,14.36666667
2,1,2,10,10,1,1,1000,512,10000,5,0,1.275
4,1,4,1000000,10,0,1000,1000,1024,10000,5,0,0
4,1,4,1000000,1,0,1,1000,512,10000,2,0,8.7
2,1,4,10,10,1,1000,1000,1024,10000,2,29,244.5666667
4,1,2,1000000,10,1,1,1000,1024,10000,5,0,137.8833333
2,10,4,1000000,1,1,1,1000,1024,10000,2,0,6.341666667
2,10,4,1000000,1,0,1,10,512,100,2,0,7.175
4,1,4,1000000,10,1,1,10,512,100,2,29,36.9
4,10,2,1000000,1,0,1000,10,1024,100,5,29,8178.216667
2,10,2,1000000,10,1,1000,1000,1024,10000,2,0,0
4,10,2,10,1,0,1000,1000,512,10000,5,29,71.925
4,10,2,10,1,0,1000,1000,1024,10000,5,0,88.59166667
4,10,4,10,10,0,1,10,1024,100,5,0,3.6
4,10,4,10,10,0,1,1000,1024,10000,2,29,1.433333333
4,10,2,10,10,1,1,10,512,100,5,0,2.6
2,10,4,1000000,1,0,1,1000,512,10000,5,29,15.55833333
2,10,2,1000000,10,0,1,1000,1024,10000,2,29,0
2,10,2,10,1,0,1000,10,1024,100,5,29,57.525
2,10,4,1000000,10,0,1,1000,1024,10000,2,0,0
2,1,2,10,1,0,1000,10,512,100,2,0,17.575
4,1,2,10,10,0,1000,1000,512,10000,2,29,521.4166667
4,1,2,1000000,1,1,1000,1000,1024,10000,5,0,1467.4
4,1,2,10,10,0,1000,10,1024,100,2,0,479.7
4,10,4,10,10,1,1000,1000,1024,10000,5,29,1934.966667
4,1,2,1000000,1,0,1000,1000,512,10000,5,0,1187.933333
2,10,2,1000000,1,1,1000,1000,512,10000,2,29,1653.841667
4,10,4,10,1,0,1,10,512,100,5,0,1.25
2,1,4,1000000,10,0,1,10,1024,100,2,29,0
4,10,4,1000000,1,1,1,10,1024,100,2,29,7.233333333
4,10,2,10,10,1,1,10,1024,100,2,0,1.725
4,10,4,10,1,1,1000,10,512,100,2,29,14.425
2,1,4,1000000,1,0,1,1000,1024,10000,2,0,11.63333333
4,1,4,1000000,1,1,1,10,512,100,2,29,8.791666667
4,1,2,1000000,10,0,1000,1000,512,10000,2,29,224.3833333
2,1,4,1000000,10,0,1000,1000,512,10000,2,29,0
2,10,4,10,1,0,1,10,512,100,2,0,1.1
4,1,2,10,1,1,1000,10,1024,100,5,29,93.275
2,10,4,1000000,1,0,1000,10,1024,100,2,0,1437.083333
4,10,2,10,10,1,1,10,1024,100,5,0,2.683333333
4,10,4,1000000,10,1,1000,10,512,100,2,29,60.19166667
4,1,4,10,10,1,1000,1000,1024,10000,5,29,1628.958333
2,1,4,10,10,0,1,10,512,100,5,0,1.516666667
4,1,2,10,10,0,1,10,512,100,5,0,5.1
4,10,2,10,1,0,1000,1000,1024,10000,5,29,76.175
2,10,4,10,1,0,1,1000,1024,10000,5,0,1.116666667
4,1,2,1000000,1,1,1000,10,1024,100,2,29,1521.775
4,10,2,1000000,1,1,1,10,1024,100,2,29,5.55
2,1,2,1000000,1,1,1000,1000,512,10000,2,29,505.125
4,1,4,1000000,10,1,1000,10,1024,100,2,0,79.71666667
2,10,2,1000000,1,0,1000,10,512,100,2,29,1275.716667
4,1,4,1000000,1,1,1000,1000,1024,10000,2,29,2757.25
2,1,4,1000000,1,0,1000,10,512,100,2,29,56.83333333
4,10,2,10,1,1,1,10,512,100,5,0,1.25
4,1,2,10,1,0,1,1000,1024,10000,5,29,1.258333333
2,10,4,10,1,0,1,10,1024,100,2,0,1.1
2,10,4,1000000,1,1,1000,10,512,100,2,29,1711.266667
2,1,4,1000000,1,1,1000,1000,512,10000,2,29,0
2,1,4,1000000,10,1,1000,10,1024,100,5,0,0
4,1,4,1000000,1,1,1000,1000,512,10000,5,0,11113.24167
4,10,4,1000000,1,0,1,10,1024,100,5,0,18.31666667
4,10,4,1000000,10,0,1000,1000,512,10000,2,0,51.075
4,10,4,10,10,1,1,1000,512,10000,2,29,1.4
4,10,2,1000000,10,1,1,1000,512,10000,5,29,83.26666667
2,1,4,10,10,1,1,10,512,100,2,0,1.116666667
4,10,2,1000000,10,1,1000,1000,512,10000,2,0,0
2,1,2,10,1,0,1,1000,512,10000,2,0,1.1
2,10,2,1000000,1,0,1000,1000,512,10000,2,0,1150.325
4,10,4,10,1,0,1000,10,512,100,5,0,50.33333333
2,10,4,1000000,1,1,1,10,512,100,5,29,15.41666667
2,10,4,1000000,1,1,1000,1000,512,10000,2,0,1221.541667
2,10,2,10,1,1,1,1000,1024,10000,2,0,1.125
4,1,2,1000000,1,0,1,10,512,100,2,0,5.266666667
4,10,2,1000000,10,0,1,10,512,100,5,0,90.80833333
4,1,2,1000000,10,0,1,1000,512,10000,2,29,27.39166667
4,10,4,1000000,1,1,1000,10,1024,100,5,29,611.6666667
4,10,4,1000000,1,0,1000,1000,1024,10000,5,0,3307.975
4,10,4,1000000,1,1,1000,1000,512,10000,2,29,259
2,10,2,10,10,0,1,1000,1024,10000,2,29,1.116666667
4,10,2,1000000,10,1,1000,10,512,100,2,29,121.7166667
4,1,2,10,10,1,1,1000,1024,10000,2,29,1.416666667
4,10,2,10,10,0,1,1000,512,10000,2,29,1.383333333
4,10,2,1000000,10,1,1000,10,512,100,2,0,65.04166667
2,1,2,10,1,0,1,1000,1024,10000,5,0,1.1
2,10,2,10,10,1,1000,1000,1024,10000,5,0,726.5583333
2,1,2,1000000,1,0,1,1000,1024,10000,5,0,19.125
4,1,2,10,1,1,1,10,1024,100,5,0,3.691666667
2,1,4,1000000,10,0,1000,10,512,100,5,29,0
4,10,2,10,1,0,1000,10,512,100,2,29,28.725
4,1,4,10,1,1,1000,1000,512,10000,2,0,23.23333333
4,1,2,10,10,1,1000,10,512,100,5,29,1246.408333
2,1,4,10,10,1,1000,1000,512,10000,2,0,247.1666667
2,10,4,10,1,0,1,10,1024,100,5,0,1.1
4,1,2,10,1,1,1000,10,512,100,2,29,32.49166667
2,1,4,1000000,10,1,1000,10,512,100,2,0,0
2,10,4,1000000,1,1,1,1000,512,10000,2,29,6.525
2,10,2,10,10,1,1,10,512,100,2,29,1.125
4,1,2,1000000,10,1,1,10,1024,100,2,29,35.975
2,10,2,10,10,0,1000,1000,1024,10000,5,0,717.7083333
4,10,2,1000000,1,1,1000,1000,1024,10000,5,29,2299.483333
4,1,2,10,10,1,1000,10,1024,100,5,0,1377.65
4,1,4,1000000,1,0,1,10,512,100,2,0,8.65
2,10,2,10,1,1,1,1000,512,10000,2,29,1.1
4,10,2,1000000,1,1,1000,10,512,100,2,29,456.25
2,1,2,10,1,0,1000,1000,512,10000,5,29,58.4
4,10,2,10,10,0,1,1000,1024,10000,5,0,2.708333333
2,1,2,10,1,0,1000,1000,1024,10000,2,0,17.725
4,1,4,10,1,0,1000,10,512,100,2,29,19.20833333
2,10,4,1000000,1,0,1,1000,1024,10000,2,0,6.366666667
4,1,2,1000000,10,1,1,1000,512,10000,2,29,36.99166667
4,1,2,10,1,0,1000,10,1024,100,5,0,93.1
4,1,4,10,10,0,1,10,512,100,2,29,1.383333333
4,1,2,1000000,1,1,1,10,1024,100,2,0,5.391666667
2,1,4,1000000,10,0,1,1000,1024,10000,2,29,0
2,10,4,1000000,10,0,1000,10,512,100,5,29,0
2,10,4,10,10,0,1000,10,512,100,2,29,263.05
2,10,4,10,1,1,1,10,512,100,5,29,1.133333333
4,1,2,10,10,0,1000,10,512,100,5,29,1295.058333
4,10,2,1000000,1,1,1000,10,1024,100,2,29,236.0666667
2,1,2,10,10,0,1,1000,512,10000,5,0,5.708333333
2,1,2,10,10,0,1,1000,1024,10000,2,29,1.125
4,10,4,1000000,10,1,1000,10,512,100,5,0,0
2,10,2,10,10,1,1,10,1024,100,5,0,1.35
4,10,2,1000000,1,1,1,1000,1024,10000,5,0,19.325
4,10,4,10,10,1,1,10,1024,100,5,29,2.783333333
2,10,4,1000000,1,0,1000,1000,512,10000,2,29,1617.066667
2,1,2,1000000,1,0,1000,1000,1024,10000,5,29,0
4,1,2,1000000,10,1,1000,10,512,100,2,0,187.9
2,10,2,10,10,0,1,10,1024,100,2,29,1.108333333
4,1,4,1000000,10,0,1000,10,1024,100,5,29,0
2,10,2,10,1,1,1000,1000,1024,10000,2,0,16.08333333
2,1,2,1000000,10,0,1000,10,512,100,5,0,0
4,1,4,10,10,0,1,1000,1024,10000,2,0,1.416666667
4,1,4,10,1,0,1,1000,512,10000,5,29,4.108333333
2,1,2,10,10,0,1,10,1024,100,2,29,1.116666667
2,1,4,10,1,1,1000,10,512,100,5,29,43.15
4,1,4,10,1,0,1,1000,1024,10000,5,0,1.258333333
2,10,2,10,10,0,1,10,1024,100,5,29,1.366666667
2,1,4,10,10,0,1,1000,512,10000,2,0,1.116666667
4,1,2,10,10,0,1,1000,512,10000,5,29,2.525
2,10,4,1000000,10,1,1,10,512,100,5,29,0
4,10,4,10,1,0,1,10,512,100,2,0,1.166666667
2,10,4,10,1,1,1000,1000,512,10000,5,0,43.95833333
4,1,2,1000000,1,1,1,1000,512,10000,2,29,5.291666667
2,10,4,1000000,1,0,1000,10,512,100,5,0,524.3333333
4,10,2,1000000,1,1,1,1000,512,10000,2,0,5.875
2,10,4,1000000,1,0,1,10,512,100,2,29,53.28333333
2,1,2,10,1,1,1000,1000,512,10000,5,29,65.35833333
2,1,4,1000000,1,1,1000,1000,1024,10000,5,29,0
4,10,4,10,10,1,1000,10,512,100,5,29,1527.6
2,10,4,10,1,0,1000,10,512,100,5,0,37.94166667
4,1,4,1000000,1,0,1000,1000,1024,10000,5,29,2512.216667
2,1,2,1000000,1,0,1,1000,512,10000,5,0,3129.8
2,1,4,1000000,10,1,1,1000,512,10000,2,29,0
2,10,4,1000000,1,0,1000,1000,1024,10000,5,0,4305.633333
2,10,4,1000000,10,1,1,1000,1024,10000,5,29,0
2,10,2,10,1,0,1,10,1024,100,2,0,1.1
4,10,4,10,10,1,1,10,1024,100,2,29,1.4
2,1,2,10,1,1,1000,10,1024,100,5,29,59.61666667
4,10,4,10,1,0,1,10,1024,100,2,29,1.15
2,10,2,1000000,1,1,1000,1000,1024,10000,5,29,959.5
4,10,4,1000000,1,0,1,10,512,100,5,29,18.25833333
2,10,2,1000000,1,0,1000,1000,1024,10000,2,29,288.1916667
2,10,2,10,10,1,1000,1000,512,10000,2,29,267.0916667
4,1,4,1000000,1,0,1,1000,512,10000,5,29,116.85
4,1,4,10,10,0,1,10,512,100,5,0,2.675
2,10,4,10,1,0,1,1000,1024,10000,2,0,1.1
4,1,4,10,1,0,1000,1000,1024,10000,5,0,93.68333333
4,1,2,10,10,0,1000,1000,512,10000,5,29,1452.733333
2,10,2,1000000,10,1,1000,10,1024,100,2,0,0
2,1,2,10,1,0,1000,10,512,100,5,0,89.54166667
2,10,2,1000000,10,0,1000,10,1024,100,5,29,0
4,1,2,10,1,0,1000,10,512,100,5,29,99.66666667
2,1,2,1000000,10,0,1000,10,1024,100,5,0,0
4,1,2,10,10,1,1000,10,1024,100,5,29,1248.133333
2,1,2,10,10,0,1000,1000,1024,10000,2,29,259.9583333
2,10,2,10,1,0,1000,1000,1024,10000,2,0,19.71666667
2,10,2,1000000,1,1,1,10,512,100,2,0,6.516666667
2,1,4,1000000,1,1,1,10,1024,100,5,29,20.1
4,10,2,10,1,1,1,10,1024,100,2,29,1.133333333
4,10,2,1000000,1,1,1,10,512,100,5,29,18.90833333
2,1,4,10,10,0,1000,10,512,100,5,0,987.4583333
4,10,4,10,1,1,1,10,1024,100,2,29,1.15
2,1,2,1000000,1,1,1,10,512,100,2,29,11.75
4,1,4,10,1,0,1,10,1024,100,2,29,1.175
4,1,4,10,1,0,1,10,512,100,2,29,1.175
4,10,4,10,10,0,1,10,512,100,2,29,1.441666667
2,10,2,1000000,1,0,1,1000,512,10000,5,0,16.5
4,1,2,10,1,1,1,1000,1024,10000,2,0,1.175
2,1,2,10,1,0,1000,10,1024,100,2,29,17.78333333
4,10,2,1000000,10,0,1000,10,1024,100,5,29,0
2,1,4,10,10,0,1000,10,512,100,2,0,419.5916667
4,10,2,10,1,1,1000,1000,1024,10000,2,0,22.65833333
4,1,4,1000000,10,1,1,10,512,100,2,0,37.95833333
4,10,4,10,10,0,1000,1000,512,10000,5,29,1487.991667
4,10,2,1000000,1,0,1000,10,512,100,2,0,1867.783333
2,10,2,1000000,10,0,1,1000,512,10000,5,0,0
2,10,2,10,1,0,1,1000,1024,10000,2,0,1.1
2,10,2,10,1,0,1000,1000,512,10000,2,29,19.6
2,10,2,10,1,0,1,1000,1024,10000,5,0,1.133333333
4,1,4,1000000,1,0,1,10,512,100,2,29,8.75
4,1,2,10,1,0,1000,1000,512,10000,5,0,1101.975
4,1,2,1000000,1,0,1,10,1024,100,5,0,22.71666667
4,10,2,10,1,1,1,1000,1024,10000,2,29,1.291666667
2,1,2,1000000,1,0,1,1000,1024,10000,2,0,11.14166667
4,1,4,10,10,0,1,1000,512,10000,5,0,3.2
2,10,2,1000000,10,0,1,10,1024,100,2,0,0
2,10,2,1000000,1,0,1,1000,1024,10000,2,0,6.833333333
2,1,4,1000000,10,0,1000,10,1024,100,5,0,0
2,10,2,1000000,10,0,1000,1000,512,10000,2,0,0
2,1,2,1000000,10,0,1000,10,1024,100,5,29,0
2,1,2,10,10,1,1,10,512,100,2,0,1.116666667
2,1,4,10,1,0,1,10,512,100,5,0,1.116666667
2,1,2,10,10,0,1,1000,512,10000,5,29,1.291666667
4,1,2,1000000,1,1,1,10,512,100,5,0,22.60833333
4,1,2,10,1,0,1,1000,1024,10000,2,29,1.158333333
4,1,2,1000000,10,0,1,10,1024,100,5,29,150.5083333
4,1,2,1000000,10,0,1000,1000,1024,10000,2,29,48.975
2,10,2,10,10,0,1000,1000,512,10000,5,29,711.3166667
4,1,4,10,10,1,1000,10,1024,100,5,29,1380.858333
4,10,4,10,10,0,1000,1000,1024,10000,2,29,885
2,10,4,10,1,0,1,1000,512,10000,5,0,1.1
2,1,2,10,1,0,1000,10,512,100,2,29,16.66666667
4,10,2,10,1,0,1000,1000,512,10000,5,0,70.225
2,10,2,10,1,0,1000,10,1024,100,2,0,16.66666667
2,10,4,10,1,1,1,1000,512,10000,5,0,1.108333333
4,1,2,10,1,0,1,10,512,100,2,0,1.141666667
4,1,2,10,10,0,1000,1000,1024,10000,2,29,509.7333333
2,1,2,1000000,10,1,1,10,512,100,5,0,0
2,1,4,1000000,10,1,1,10,512,100,2,0,0
2,1,4,10,10,0,1,1000,1024,10000,2,29,1.108333333
2,10,4,1000000,10,0,1000,10,1024,100,5,0,0
4,1,2,1000000,10,0,1000,10,1024,100,2,0,644.7666667
2,1,4,1000000,1,0,1,10,512,100,2,0,11.575
2,1,2,1000000,1,1,1,1000,1024,10000,2,29,11.90833333
4,1,4,10,1,0,1,10,512,100,5,29,1.241666667
4,10,2,10,10,0,1,1000,1024,10000,5,29,2.791666667
4,10,4,1000000,10,1,1000,10,1024,100,5,29,15.35
2,10,4,10,1,0,1000,10,1024,100,2,29,7.758333333
2,10,4,1000000,10,0,1,10,1024,100,5,29,0
2,1,4,10,10,1,1,1000,512,10000,2,0,1.116666667
2,1,4,10,1,1,1000,1000,512,10000,5,29,47.33333333
4,10,2,1000000,10,0,1000,1000,1024,10000,2,29,289.0916667
2,1,2,1000000,10,0,1000,1000,1024,10000,2,29,0
2,1,4,1000000,10,1,1000,1000,1024,10000,2,0,0
2,10,2,1000000,1,0,1000,10,512,100,5,29,6783.933333
4,1,2,10,1,1,1,1000,512,10000,5,29,1.25
4,1,2,1000000,1,0,1,1000,512,10000,2,0,5.35
4,1,2,10,1,0,1,1000,512,10000,5,0,1.241666667
2,1,2,1000000,10,1,1,1000,512,10000,2,29,0
4,10,2,10,10,0,1,1000,512,10000,2,0,1.708333333
4,10,4,1000000,1,0,1000,1000,512,10000,5,0,7550.391667
4,10,2,1000000,1,0,1,1000,512,10000,5,0,18.68333333
4,10,4,10,10,1,1,1000,1024,10000,2,0,1.391666667
2,1,2,10,1,0,1000,10,1024,100,5,29,59.44166667
4,1,2,10,10,1,1000,1000,1024,10000,5,0,1329.841667
2,1,2,1000000,1,0,1,1000,1024,10000,5,29,20.3
2,10,4,1000000,1,0,1,10,1024,100,2,0,6.566666667
4,1,2,10,10,0,1,10,512,100,2,0,1.325
2,10,2,1000000,10,1,1,10,1024,100,5,0,0
2,1,2,10,10,1,1000,10,512,100,5,29,559.8333333
4,1,2,10,1,0,1,1000,512,10000,2,29,1.158333333
4,1,2,10,10,0,1000,1000,1024,10000,5,29,1261.225
2,1,4,1000000,1,1,1,1000,1024,10000,2,29,11.74166667
2,1,4,1000000,10,1,1,10,512,100,2,29,0
2,10,2,1000000,1,0,1000,1000,512,10000,5,0,4864.508333
2,10,4,10,10,0,1000,10,512,100,5,29,635.075
2,1,4,1000000,1,1,1,10,1024,100,2,29,11.88333333
2,10,2,10,10,0,1,10,1024,100,5,0,1.4
2,10,4,1000000,10,1,1000,1000,512,10000,2,29,0
4,1,2,10,10,1,1,1000,1024,10000,5,29,3.233333333
2,10,4,1000000,1,0,1,10,1024,100,5,29,15.93333333
4,10,4,10,10,1,1000,1000,1024,10000,2,0,651.0083333
2,1,4,1000000,10,1,1000,10,512,100,5,0,0
4,10,4,10,10,0,1,1000,512,10000,5,29,2.875
4,10,2,1000000,1,0,1,1000,512,10000,2,29,5.641666667
2,10,2,10,10,0,1000,10,512,100,2,0,253.3916667
4,1,4,10,10,1,1000,10,512,100,2,0,534.3916667
2,1,2,1000000,1,0,1000,1000,512,10000,2,0,1791.875
2,10,4,1000000,1,1,1,1000,512,10000,2,0,6.891666667
4,10,4,10,10,1,1000,10,1024,100,2,0,798.375
4,1,2,10,10,1,1000,10,1024,100,2,0,489.0666667
2,10,4,10,10,1,1000,10,1024,100,2,0,264.7166667
2,10,2,1000000,10,1,1000,10,512,100,5,0,0
4,1,4,10,1,1,1,1000,1024,10000,5,0,1.266666667
2,10,2,10,10,1,1000,10,512,100,2,29,253.2
4,10,4,10,10,1,1000,10,1024,100,5,29,1841.8
4,10,2,1000000,10,0,1,1000,512,10000,2,29,152.4166667
4,10,4,1000000,10,1,1,10,1024,100,5,0,0
2,1,2,10,1,1,1,10,512,100,5,0,1.116666667
4,1,2,10,10,1,1000,1000,512,10000,2,0,572.0833333
2,10,2,10,10,0,1000,10,1024,100,5,29,728.2833333
2,1,2,10,1,1,1,1000,1024,10000,5,0,1.108333333
4,1,2,1000000,1,1,1000,1000,512,10000,2,29,0
4,1,2,1000000,10,1,1,1000,512,10000,5,29,218.0666667
2,10,4,1000000,1,0,1000,1000,1024,10000,5,29,373.4166667
4,1,4,10,1,0,1000,10,1024,100,2,29,15.4
4,1,4,1000000,1,0,1000,1000,512,10000,5,0,489.2
2,10,4,1000000,10,0,1,1000,1024,10000,5,0,0
2,1,2,10,10,0,1000,10,512,100,5,29,590.6666667
4,1,2,10,10,1,1,10,512,100,2,0,1.383333333
4,1,4,1000000,10,1,1000,1000,1024,10000,5,29,0
2,1,4,1000000,1,1,1,1000,512,10000,5,29,19.875
4,10,4,1000000,1,0,1000,10,512,100,5,0,0
4,1,2,10,1,1,1,1000,1024,10000,5,29,1.358333333
4,1,4,1000000,1,1,1000,10,1024,100,2,0,2709.625
2,1,4,1000000,10,1,1,1000,512,10000,2,0,0
4,10,4,1000000,1,0,1,1000,512,10000,2,0,7.058333333
4,10,4,1000000,1,0,1,10,512,100,2,0,7.108333333
4,10,4,1000000,1,1,1,10,512,100,2,0,7.116666667
4,1,4,10,10,1,1000,1000,1024,10000,2,0,604.6083333
4,10,4,10,10,1,1000,1000,1024,10000,5,0,1952.05
2,10,4,10,10,0,1000,10,1024,100,5,0,649.4416667
4,1,4,10,10,0,1000,1000,1024,10000,2,0,569.5916667
4,1,2,10,10,1,1000,1000,512,10000,5,29,1392.2
2,1,4,1000000,10,1,1000,10,1024,100,2,0,0
4,1,4,1000000,1,1,1,10,512,100,5,0,19.16666667
4,10,4,1000000,10,0,1000,10,512,100,5,29,0
2,10,4,10,10,0,1000,1000,1024,10000,2,29,267.65
4,10,4,1000000,10,0,1000,10,1024,100,2,0,179.35
2,10,4,1000000,1,0,1000,10,512,100,2,0,1578.65
4,10,2,1000000,10,0,1,1000,512,10000,5,29,409.2833333
2,1,2,10,10,1,1000,1000,1024,10000,2,0,263.525
4,1,2,1000000,10,0,1000,10,512,100,2,29,161.3083333
2,10,4,10,10,1,1,1000,1024,10000,5,0,1.391666667
4,1,4,10,1,0,1,10,1024,100,5,29,1.241666667
2,1,4,1000000,10,0,1000,10,512,100,2,29,0
2,10,4,1000000,1,0,1000,1000,1024,10000,2,29,1472.358333
2,1,4,10,1,0,1000,10,1024,100,2,29,11.36666667
4,10,2,10,10,1,1000,10,1024,100,2,0,614.8083333
4,1,2,10,10,0,1000,10,512,100,2,29,467.1833333
4,10,2,10,1,0,1000,10,1024,100,5,29,83.70833333
4,10,4,10,1,1,1000,1000,1024,10000,5,29,54.76666667
4,10,2,1000000,1,0,1000,1000,512,10000,5,29,1356.816667
2,10,4,10,10,1,1000,1000,512,10000,2,29,276.9416667
2,1,4,10,1,1,1000,10,1024,100,2,29,11.7
2,1,4,1000000,1,1,1,10,512,100,2,0,11.60833333
2,1,2,1000000,1,0,1000,1000,512,10000,5,0,830.2
2,1,4,10,10,1,1000,10,512,100,2,29,242.1666667
4,1,4,10,10,1,1000,10,1024,100,2,0,545.5166667
2,10,4,1000000,10,1,1000,10,1024,100,5,29,0
4,1,2,1000000,1,0,1,1000,1024,10000,5,29,22.40833333
2,1,2,1000000,1,1,1000,1000,1024,10000,5,0,0
2,1,2,10,1,1,1000,10,512,100,5,29,59.45833333
4,1,4,10,1,1,1000,10,1024,100,2,29,19.75
4,1,2,1000000,10,0,1000,10,1024,100,5,29,0
4,1,4,10,1,0,1000,10,1024,100,5,29,94.60833333
2,10,4,10,1,1,1,10,512,100,2,29,1.1
2,10,2,1000000,10,0,1000,1000,512,10000,5,0,0
2,1,4,1000000,10,0,1,10,1024,100,5,0,0
4,1,2,1000000,10,1,1,1000,1024,10000,5,29,114.775
4,1,2,1000000,10,1,1000,10,1024,100,5,0,0
4,1,2,1000000,10,1,1000,10,1024,100,2,0,229.3
2,10,4,10,1,1,1000,10,1024,100,2,29,8.266666667
2,10,4,1000000,10,0,1000,1000,1024,10000,2,0,0
2,1,2,10,1,0,1000,1000,1024,10000,5,0,63.68333333
4,1,4,1000000,10,0,1,1000,1024,10000,5,0,172.1416667
4,10,2,10,1,1,1000,10,512,100,5,0,81.4
2,1,4,10,1,1,1000,1000,1024,10000,5,29,43.175
2,1,4,10,1,1,1,1000,1024,10000,5,0,1.108333333
4,1,4,1000000,1,1,1000,1000,1024,10000,5,29,357.75
4,10,2,10,10,1,1000,10,512,100,2,29,545.075
4,10,2,10,10,1,1,10,512,100,2,0,1.733333333
4,10,2,1000000,1,1,1000,10,512,100,2,0,1601.2
2,1,4,10,10,0,1,10,1024,100,2,29,1.125
4,10,4,1000000,10,1,1000,10,1024,100,5,0,0
4,1,2,1000000,1,1,1000,10,1024,100,2,0,3116.725
4,10,4,1000000,1,1,1000,10,512,100,2,0,1753.008333
4,10,2,10,1,0,1,1000,512,10000,5,0,1.275
4,10,4,10,1,1,1,10,1024,100,5,29,1.25
4,10,2,1000000,1,1,1000,10,1024,100,2,0,886.775
2,10,4,1000000,10,1,1000,10,1024,100,2,29,0
2,1,4,10,1,0,1,10,1024,100,5,29,1.108333333
4,1,2,10,1,0,1000,10,512,100,2,29,32.66666667
2,10,4,10,1,0,1000,1000,512,10000,5,0,35.78333333
2,10,4,10,10,1,1,1000,512,10000,5,0,1.391666667
2,1,2,1000000,10,1,1,10,512,100,2,29,0
2,1,2,10,10,0,1,10,512,100,2,29,1.116666667
2,1,4,1000000,10,0,1000,10,1024,100,2,29,0
4,1,2,1000000,10,0,1000,1000,1024,10000,5,0,0
2,1,2,1000000,10,1,1000,10,512,100,5,29,0
2,1,2,10,10,0,1000,1000,512,10000,5,0,903.4166667
2,1,2,1000000,1,1,1000,10,1024,100,5,29,673.9333333
2,1,2,10,1,0,1,10,1024,100,2,29,1.1
4,10,4,10,10,1,1000,1000,512,10000,5,0,1821.216667
4,10,2,1000000,10,1,1000,10,512,100,5,29,0
4,10,4,1000000,10,0,1000,1000,512,10000,5,0,253.4
2,10,4,1000000,1,0,1000,1000,512,10000,5,0,4239.783333
2,1,4,10,1,1,1000,1000,1024,10000,5,0,44.6
2,1,4,1000000,10,1,1,10,1024,100,5,29,0
2,1,4,1000000,10,1,1,1000,1024,10000,5,0,0
4,10,4,1000000,10,0,1,1000,512,10000,5,29,203.1666667
4,1,4,10,10,1,1,10,512,100,2,0,1.425
4,1,4,10,10,1,1000,10,1024,100,5,0,1644.783333
2,1,4,1000000,10,0,1,1000,512,10000,5,29,0
2,10,4,10,10,0,1000,10,512,100,5,0,636.625
4,10,2,10,10,0,1000,10,1024,100,5,29,1756.308333
2,1,4,1000000,10,0,1000,1000,512,10000,5,0,0
2,1,2,10,1,0,1,10,512,100,2,0,1.1
2,10,2,10,1,1,1,1000,1024,10000,2,29,1.1
2,10,4,10,10,1,1000,1000,512,10000,5,29,691.9083333
4,10,4,10,1,0,1000,10,512,100,5,29,55.75
4,10,4,1000000,1,0,1000,1000,1024,10000,2,29,530.75
4,10,2,1000000,10,1,1000,1000,1024,10000,5,29,0
4,1,2,10,1,1,1,10,1024,100,5,29,1.233333333
4,10,4,10,1,1,1000,10,512,100,5,0,66.08333333
4,10,2,10,10,1,1000,10,512,100,5,0,1779.058333
4,10,4,10,1,1,1,1000,1024,10000,5,29,1.25
4,10,4,10,1,0,1,10,512,100,2,29,1.133333333
2,1,4,1000000,1,0,1,10,512,100,5,29,19.675
4,1,4,1000000,10,0,1,1000,1024,10000,2,29,36.69166667
2,10,2,1000000,1,1,1000,1000,1024,10000,2,29,1807.566667
4,10,2,10,1,1,1000,10,512,100,5,29,69.49166667
2,10,4,10,1,1,1000,10,512,100,5,0,38.35
4,1,4,10,1,0,1,1000,512,10000,2,0,1.133333333
4,10,4,10,1,1,1,1000,512,10000,5,29,1.275
4,1,4,10,1,0,1000,10,1024,100,5,0,81.13333333
2,1,4,10,1,1,1000,10,1024,100,5,0,43.24166667
4,10,4,10,1,1,1,1000,512,10000,2,29,1.2
4,1,4,10,10,1,1,10,512,100,5,29,2.583333333
2,10,4,1000000,1,1,1,10,1024,100,5,29,15.83333333
4,10,2,10,1,1,1,10,1024,100,5,29,1.266666667
4,10,4,10,10,0,1,1000,1024,10000,5,29,2.666666667
4,1,2,1000000,10,0,1000,1000,512,10000,2,0,207.4666667
4,1,4,1000000,10,0,1,1000,512,10000,2,29,37.475
2,10,2,1000000,10,1,1000,1000,512,10000,5,0,0
4,10,4,10,10,0,1,1000,512,10000,2,0,1.425
4,10,4,10,1,1,1000,1000,512,10000,5,29,68.23333333
2,10,2,10,10,0,1,1000,512,10000,5,29,1.391666667
2,10,4,10,10,1,1000,10,512,100,5,29,627.4833333
4,10,2,1000000,1,1,1000,1000,512,10000,2,0,1136.033333
4,1,4,1000000,10,1,1,1000,512,10000,2,29,28.8
2,10,2,1000000,1,0,1,10,1024,100,2,0,6.35
2,1,2,10,10,0,1000,1000,512,10000,5,29,603.825
4,1,4,1000000,10,1,1000,10,512,100,5,29,0
4,10,4,10,10,1,1,10,512,100,5,29,2.783333333
2,10,2,1000000,1,0,1,1000,1024,10000,2,29,6.625
2,10,4,1000000,1,1,1000,10,512,100,5,0,931.3333333
2,10,2,1000000,1,1,1,1000,512,10000,5,0,16.825
2,10,2,10,10,0,1,10,512,100,2,0,1.125
4,10,4,10,1,0,1000,1000,1024,10000,2,0,15.09166667
4,1,4,1000000,10,1,1,10,1024,100,2,29,37.65
2,1,2,1000000,10,1,1,1000,1024,10000,2,0,0
4,1,4,10,10,1,1,10,1024,100,2,0,1.45
4,10,2,10,1,1,1,1000,512,10000,2,0,1.133333333
4,1,4,10,10,0,1000,10,1024,100,5,0,1370.316667
2,1,4,1000000,10,1,1000,10,1024,100,2,29,0
2,1,2,1000000,10,1,1,1000,512,10000,5,29,0
2,1,2,1000000,10,1,1000,1000,1024,10000,2,0,0
4,10,4,1000000,1,1,1,1000,512,10000,2,29,41.00833333
2,10,4,10,10,0,1,1000,1024,10000,5,0,1.366666667
4,1,4,10,1,0,1,10,512,100,5,0,1.241666667
2,1,2,1000000,1,1,1,10,512,100,5,0,165.0916667
2,10,2,1000000,1,0,1000,10,1024,100,5,29,64
2,1,2,10,1,0,1,10,512,100,2,29,1.1
2,10,2,1000000,10,0,1000,1000,1024,10000,2,0,0
2,1,2,1000000,10,0,1000,1000,512,10000,2,0,0
2,1,2,10,1,1,1,1000,512,10000,5,0,1.108333333
2,10,4,10,10,1,1000,10,1024,100,5,29,685.9083333
2,1,4,10,1,0,1000,10,512,100,2,0,11.8
4,10,4,1000000,10,1,1000,1000,512,10000,2,0,0
2,10,2,10,1,0,1000,10,512,100,5,0,55.39166667
4,10,4,10,10,1,1000,10,512,100,2,0,749.6
2,10,4,10,1,0,1,1000,1024,10000,2,29,1.1
4,1,4,10,10,1,1,1000,1024,10000,2,0,1.725
4,1,4,1000000,10,0,1000,10,512,100,5,29,0
4,10,2,1000000,10,1,1,1000,512,10000,2,0,72.86666667
2,1,4,10,10,1,1000,1000,512,10000,5,29,660.9166667
2,1,2,10,10,0,1000,1000,1024,10000,5,29,621.9916667
2,10,2,10,1,1,1000,10,512,100,5,29,53.65833333
4,10,2,10,10,0,1,1000,1024,10000,2,0,1.716666667
4,10,4,1000000,10,0,1,10,1024,100,2,29,99.54166667
4,1,2,10,10,1,1,10,1024,100,2,0,1.383333333
2,10,2,1000000,1,1,1,1000,1024,10000,5,0,18.8
2,10,4,10,10,0,1,10,1024,100,2,0,1.116666667
2,10,4,1000000,10,0,1,1000,512,10000,5,29,0
4,10,4,1000000,10,0,1,10,1024,100,5,0,27.65833333
2,10,2,1000000,1,0,1,10,512,100,5,29,14.475
4,1,4,1000000,10,1,1000,1000,512,10000,5,29,0
2,10,4,10,1,0,1000,1000,512,10000,2,29,7.875
4,10,4,1000000,1,0,1000,10,1024,100,5,29,3654.875
2,10,4,1000000,1,1,1,1000,1024,10000,5,29,14.65833333
2,1,4,1000000,1,0,1000,10,512,100,2,0,0
2,10,4,1000000,1,0,1,10,512,100,5,29,15.06666667
4,10,2,1000000,10,1,1,1000,1024,10000,2,0,214.6
2,1,4,10,10,1,1,1000,1024,10000,5,0,1.366666667
4,1,4,10,10,0,1000,10,1024,100,2,29,564.25
4,10,2,10,10,0,1000,1000,1024,10000,5,0,1804.641667
2,10,2,1000000,10,0,1000,10,512,100,2,29,0
2,10,4,1000000,1,1,1,1000,1024,10000,2,29,6.358333333
4,10,4,10,10,0,1,1000,1024,10000,5,0,2.891666667
2,1,4,10,10,0,1,10,1024,100,5,0,1.325
4,10,4,1000000,1,0,1000,10,512,100,2,29,1939.166667
4,1,2,1000000,1,0,1000,10,1024,100,2,29,1215.875
4,1,4,10,1,1,1,10,1024,100,5,0,1.25
4,10,2,10,10,1,1,1000,1024,10000,5,29,2.733333333
2,10,4,10,1,1,1,1000,512,10000,2,29,1.1
4,1,2,10,10,0,1,10,1024,100,5,0,2.416666667
4,10,2,10,10,0,1,1000,1024,10000,2,29,1.716666667
4,10,2,1000000,1,1,1000,1000,1024,10000,2,0,611.0583333
2,10,4,1000000,10,1,1,1000,1024,10000,5,0,0
4,10,4,10,1,0,1000,1000,1024,10000,2,29,15.23333333
4,1,4,1000000,1,0,1000,10,512,100,5,29,0
2,1,2,10,10,0,1000,10,512,100,2,29,254.8166667
4,1,2,1000000,10,0,1000,1000,1024,10000,2,0,532.5916667
4,1,4,1000000,1,1,1000,10,512,100,2,29,1249.933333
2,1,2,10,10,1,1,10,512,100,5,0,1.283333333
2,10,2,1000000,10,1,1,10,512,100,5,29,0
4,10,4,1000000,10,0,1000,10,1024,100,2,29,15.03333333
4,10,4,10,1,1,1,1000,512,10000,2,0,1.166666667
2,10,2,10,10,0,1000,10,512,100,2,29,273.1333333
4,1,4,1000000,10,0,1,10,1024,100,5,0,165.675
2,1,4,1000000,1,0,1000,1000,1024,10000,5,0,415.6083333
4,10,4,1000000,10,0,1,1000,512,10000,5,0,51.36666667
2,1,2,1000000,1,0,1000,10,1024,100,2,0,0
2,10,4,10,1,0,1000,10,512,100,5,29,37.13333333
2,10,4,10,1,1,1,10,1024,100,5,0,1.116666667
4,1,4,1000000,1,0,1,1000,1024,10000,5,29,19.51666667
4,1,4,10,10,1,1,1000,1024,10000,5,0,2.733333333
2,1,4,1000000,10,1,1000,10,512,100,5,29,0
2,10,2,10,10,0,1000,1000,512,10000,2,0,274.5833333
2,10,2,10,10,0,1,10,512,100,5,0,1.35
2,1,4,10,1,1,1,1000,512,10000,5,29,1.108333333
4,10,2,10,10,0,1,1000,512,10000,5,29,2.7
4,10,2,1000000,1,0,1000,10,1024,100,2,29,1497.033333
4,1,2,10,10,1,1000,1000,1024,10000,2,29,512.225
4,10,2,1000000,1,0,1,10,1024,100,5,29,18.19166667
4,10,2,10,1,1,1,1000,1024,10000,2,0,1.141666667
2,10,2,1000000,10,0,1,10,512,100,2,0,0
4,10,2,1000000,10,0,1000,1000,1024,10000,2,0,0
4,10,2,10,10,1,1000,1000,1024,10000,2,29,549.8666667
2,10,4,1000000,1,1,1,10,1024,100,2,0,6.516666667
2,1,4,10,1,1,1000,1000,512,10000,2,29,14.24166667
2,1,4,10,10,0,1,1000,512,10000,2,29,1.35
2,10,4,10,10,0,1000,1000,512,10000,2,29,279.575
4,10,2,10,10,0,1,10,512,100,5,0,2.591666667
2,1,4,10,10,0,1,1000,1024,10000,5,0,1.3
4,10,4,1000000,10,0,1000,10,512,100,2,0,66.58333333
4,10,4,1000000,1,0,1,10,1024,100,2,29,7.158333333
2,1,2,10,1,1,1,1000,1024,10000,2,0,1.1
2,10,2,1000000,1,1,1000,1000,1024,10000,5,0,239.3333333
2,1,4,10,1,1,1,1000,1024,10000,2,0,1.1
2,1,2,10,10,1,1,1000,512,10000,5,29,1.275
2,1,4,10,10,1,1,10,512,100,5,29,1.308333333
4,1,2,1000000,1,1,1000,1000,1024,10000,2,0,1463.225
2,1,4,1000000,10,0,1,1000,1024,10000,5,0,0
2,10,4,10,10,0,1000,10,1024,100,2,29,272.825
2,10,4,10,10,1,1,1000,1024,10000,2,0,1.133333333
4,1,2,10,1,1,1000,1000,1024,10000,2,0,33.025
2,10,2,10,1,0,1000,10,512,100,2,0,16.16666667
2,1,2,10,1,1,1000,1000,512,10000,2,29,17.39166667
4,10,4,10,10,1,1,10,512,100,5,0,2.8
2,1,2,1000000,1,1,1000,1000,512,10000,5,0,377.6
4,1,2,10,10,1,1,1000,512,10000,2,0,1.7
4,10,2,1000000,10,1,1000,10,1024,100,5,0,0
4,10,2,1000000,10,0,1000,1000,512,10000,2,0,20.41666667
4,10,4,1000000,1,1,1,10,512,100,5,29,22.7
2,1,4,10,10,0,1,10,1024,100,2,0,1.116666667
4,1,4,10,10,0,1,10,1024,100,5,29,2.6
4,10,2,1000000,10,0,1000,1000,1024,10000,5,29,0
2,1,4,10,10,1,1,1000,512,10000,2,29,1.125
4,1,4,1000000,1,0,1000,10,1024,100,5,29,657.125
2,10,2,1000000,10,0,1000,1000,1024,10000,5,29,0
2,1,4,1000000,1,1,1000,1000,1024,10000,2,0,1353.125
2,10,2,10,1,0,1,1000,1024,10000,5,29,1.116666667
4,1,4,10,10,1,1000,1000,1024,10000,5,0,1471.266667
4,10,4,10,10,0,1,10,512,100,5,0,2.8
4,10,2,10,10,0,1000,10,512,100,5,29,1675.05
2,1,2,1000000,10,0,1,1000,512,10000,5,0,0
4,1,4,1000000,10,0,1000,1000,512,10000,5,0,0
4,1,2,10,1,1,1,10,512,100,2,0,1.166666667
2,1,2,1000000,1,0,1,10,1024,100,5,0,17.825
2,10,2,1000000,1,0,1000,1000,512,10000,2,29,1564.991667
4,1,4,10,10,1,1,1000,1024,10000,2,29,1.45
2,1,4,10,10,1,1000,1000,512,10000,2,29,243.2916667
4,10,2,1000000,10,1,1,1000,1024,10000,2,29,112.3333333
2,1,4,1000000,1,1,1,1000,1024,10000,5,0,19.38333333
2,1,4,10,10,1,1000,10,512,100,5,29,611.1083333
4,1,4,10,1,1,1000,10,512,100,2,29,19.90833333
4,1,2,10,10,0,1000,1000,1024,10000,5,0,1309.525
4,1,4,1000000,10,1,1,10,1024,100,2,0,29.30833333
4,1,2,10,10,0,1,10,512,100,5,29,2.5
4,10,4,10,10,1,1,1000,512,10000,5,0,2.833333333
4,1,4,10,1,0,1,10,1024,100,2,0,1.158333333
4,1,4,10,1,1,1000,1000,1024,10000,5,0,94.925
2,1,2,1000000,10,0,1,1000,1024,10000,2,0,0
4,1,2,10,1,1,1000,10,512,100,5,0,99.50833333
4,10,2,1000000,1,0,1,10,512,100,2,0,5.691666667
2,1,4,10,10,0,1,10,512,100,2,0,1.116666667
4,1,2,10,10,0,1,1000,512,10000,2,29,1.433333333
2,10,2,1000000,10,1,1,10,1024,100,2,0,0
2,10,4,1000000,10,1,1,10,512,100,2,29,0
4,10,4,1000000,1,1,1000,1000,512,10000,5,29,409.75
2,10,4,1000000,10,0,1000,10,1024,100,5,29,0
4,1,2,1000000,1,0,1000,10,512,100,2,0,0
4,10,2,10,1,0,1000,10,1024,100,5,0,75.28333333
2,1,2,10,1,0,1000,1000,1024,10000,2,29,16.74166667
4,1,4,10,1,1,1000,1000,512,10000,2,29,20.55
4,10,4,1000000,10,1,1,1000,1024,10000,2,29,219.6666667
4,10,2,10,10,1,1000,1000,512,10000,2,29,597.95
4,10,4,1000000,1,0,1,1000,1024,10000,2,29,6.808333333
4,1,2,10,1,1,1000,10,1024,100,5,0,103.35
4,1,4,1000000,10,1,1000,1000,512,10000,2,0,184.1416667
4,1,4,10,1,1,1,1000,512,10000,2,29,1.158333333
2,1,4,1000000,1,1,1000,10,512,100,2,29,673.5
4,1,4,10,1,1,1000,10,1024,100,5,29,101.0583333
2,10,4,10,10,0,1000,1000,512,10000,2,0,281.9666667
4,10,2,10,1,0,1000,10,1024,100,2,29,27.55833333
4,10,2,1000000,10,0,1,10,1024,100,2,0,151.9333333
4,1,2,10,1,1,1000,10,512,100,2,0,33.34166667
4,1,4,10,10,1,1000,10,1024,100,2,29,540.1583333
2,10,2,1000000,1,1,1,10,1024,100,2,29,6.358333333
4,1,4,1000000,1,1,1,1000,1024,10000,2,0,8.508333333
2,10,4,10,10,1,1000,1000,512,10000,5,0,622.1833333
2,10,2,10,10,1,1000,10,512,100,5,0,651.6
4,1,2,1000000,1,0,1000,1000,512,10000,5,29,1519.616667
4,1,4,10,10,0,1000,10,1024,100,5,29,1376.658333
2,10,2,1000000,1,0,1,1000,512,10000,5,29,15.74166667
4,10,2,10,10,0,1000,10,1024,100,5,0,1666.458333
2,1,4,1000000,10,0,1000,1000,512,10000,2,0,0
2,1,4,1000000,1,0,1,10,1024,100,2,29,12.41666667
2,10,4,10,1,0,1000,1000,1024,10000,2,29,7.05
4,10,4,1000000,10,0,1,10,512,100,2,0,53.43333333
2,10,4,10,1,1,1000,10,512,100,2,0,7.85
2,1,4,10,1,0,1000,10,1024,100,5,29,43.95
2,10,4,1000000,1,0,1000,10,1024,100,5,0,2863.241667
2,10,2,1000000,10,1,1000,10,1024,100,2,29,0
4,1,2,10,1,0,1,1000,1024,10000,5,0,1.283333333
4,10,2,1000000,10,1,1000,1000,512,10000,5,29,206.8333333
4,10,4,1000000,10,0,1000,10,512,100,2,29,172.25
2,1,2,1000000,10,1,1000,10,1024,100,2,29,0
4,1,4,1000000,1,1,1,1000,1024,10000,5,0,19.48333333
4,10,2,1000000,1,0,1,10,1024,100,5,0,19.16666667
2,1,2,10,10,0,1000,1000,512,10000,2,29,252.875
2,10,4,1000000,10,0,1,1000,512,10000,5,0,0
4,10,4,10,1,1,1000,1000,1024,10000,5,0,56.025
2,10,2,1000000,10,0,1000,10,512,100,2,0,0
4,10,2,1000000,10,0,1,10,1024,100,5,0,130.0166667
2,10,4,10,1,1,1,10,1024,100,2,0,1.1
4,10,4,1000000,10,1,1000,1000,512,10000,5,29,16.475
4,10,2,10,1,0,1,1000,512,10000,2,29,1.166666667
4,10,4,1000000,1,0,1000,10,1024,100,2,0,875.6333333
4,1,2,10,1,1,1000,1000,512,10000,5,29,100.0083333
2,10,2,10,10,0,1000,1000,512,10000,2,29,265.6333333
4,10,2,10,1,0,1,10,512,100,2,29,1.183333333
4,1,2,10,1,1,1,1000,1024,10000,2,29,1.141666667
4,1,4,1000000,10,0,1000,1000,1024,10000,2,29,31.875
4,1,2,1000000,1,1,1000,1000,512,10000,5,0,0
4,1,4,1000000,10,1,1000,1000,1024,10000,5,0,0
4,1,2,10,1,0,1,1000,1024,10000,2,0,1.141666667
4,1,2,1000000,1,0,1000,1000,1024,10000,5,0,1819.033333
4,10,2,1000000,1,1,1000,1000,512,10000,5,29,2111.883333
4,10,4,1000000,1,0,1,1000,512,10000,5,0,17.63333333
2,10,2,10,1,1,1000,1000,512,10000,2,29,19.59166667
2,1,2,1000000,10,0,1,10,1024,100,5,0,0
2,1,4,10,10,0,1,10,1024,100,5,29,1.341666667
4,10,2,1000000,1,0,1,10,512,100,2,29,5.825
4,10,4,10,1,0,1000,1000,512,10000,2,29,17.6
2,10,2,1000000,10,0,1000,10,1024,100,2,0,0
2,1,4,1000000,1,0,1000,1000,512,10000,2,0,696.5083333
2,1,2,1000000,1,1,1000,10,1024,100,5,0,0
2,1,2,1000000,1,0,1000,10,1024,100,5,29,1882.266667
2,1,2,10,1,0,1000,10,512,100,5,29,61.625
2,1,2,1000000,1,0,1,10,512,100,5,29,17.8
4,10,4,1000000,10,0,1,10,1024,100,5,29,360.3166667
4,1,4,10,1,1,1,1000,1024,10000,2,0,1.133333333
4,10,4,1000000,10,0,1000,1000,1024,10000,5,0,0
4,10,4,10,1,0,1,1000,1024,10000,2,0,1.158333333
2,1,2,1000000,1,1,1,10,512,100,2,0,11.875
2,10,2,1000000,10,1,1000,1000,512,10000,5,29,0
2,10,4,1000000,10,1,1,10,1024,100,5,0,0
4,1,4,1000000,10,0,1,10,1024,100,2,29,37.775
2,10,4,10,10,1,1000,1000,1024,10000,2,0,272.3
2,1,2,10,1,1,1000,10,1024,100,5,0,60.81666667
2,10,4,1000000,1,0,1000,10,1024,100,2,29,1755.591667
2,10,4,10,10,1,1000,1000,1024,10000,2,29,284.8916667
4,10,4,1000000,1,1,1000,10,512,100,5,29,0
4,1,2,1000000,1,1,1,1000,512,10000,2,0,5.183333333
2,10,2,1000000,1,1,1,10,512,100,5,0,15.31666667
2,10,2,1000000,1,0,1000,1000,1024,10000,5,29,1311.333333
2,10,4,1000000,1,0,1,1000,1024,10000,5,0,15.725
2,1,2,10,1,1,1000,1000,1024,10000,2,29,17.425
4,10,2,10,10,1,1000,1000,512,10000,5,29,1993.333333
2,10,4,10,10,0,1,1000,512,10000,5,29,1.358333333
4,1,2,10,1,1,1,10,512,100,5,29,1.241666667
4,10,4,1000000,10,1,1,1000,512,10000,2,29,68.23333333
2,1,4,1000000,10,0,1,10,512,100,2,29,0
2,1,4,10,10,0,1000,1000,512,10000,2,29,248.6583333
4,1,4,1000000,10,0,1,1000,512,10000,5,0,142.15
2,1,4,1000000,1,0,1000,10,1024,100,5,29,775.5
2,1,4,10,10,1,1,1000,1024,10000,5,29,1.341666667
2,1,2,1000000,10,1,1000,1000,512,10000,2,0,0
2,1,2,10,1,1,1000,10,1024,100,2,0,17.025
4,10,4,1000000,10,1,1000,10,1024,100,2,0,42.61666667
2,10,2,10,10,1,1000,10,1024,100,2,29,255.2666667
2,1,2,10,1,0,1,10,1024,100,5,29,1.1
4,10,2,10,1,1,1,10,512,100,2,29,1.166666667
4,1,4,10,10,0,1000,1000,512,10000,5,29,1482.083333
4,10,4,10,10,1,1000,10,1024,100,2,29,833.25
2,10,2,10,1,0,1,10,1024,100,5,0,1.108333333
2,10,4,10,10,0,1,1000,512,10000,2,0,1.35
2,10,4,1000000,10,0,1,10,1024,100,2,0,0
2,1,2,10,1,0,1000,10,1024,100,2,0,16.975
2,1,2,10,1,1,1,1000,1024,10000,5,29,1.125
4,10,2,10,10,0,1000,10,512,100,2,29,563.275
2,10,2,1000000,10,1,1000,1000,512,10000,2,29,0
4,10,2,1000000,10,1,1,10,512,100,5,0,117.3916667
2,1,2,1000000,1,0,1,10,1024,100,2,29,11.4
2,10,4,10,1,1,1,1000,1024,10000,5,29,1.108333333
2,10,2,1000000,10,0,1,10,512,100,5,29,0
4,10,4,10,1,1,1,10,1024,100,5,0,1.266666667
4,10,2,1000000,10,1,1,1000,512,10000,2,29,125.575
4,10,4,1000000,1,0,1,1000,512,10000,2,29,7.308333333
2,10,4,10,10,0,1000,10,512,100,2,0,266
2,10,2,10,1,1,1,1000,512,10000,5,29,1.108333333
4,1,4,1000000,10,0,1000,10,512,100,5,0,0
2,10,4,10,10,0,1,1000,512,10000,2,29,1.4
4,10,2,1000000,10,1,1000,10,1024,100,5,29,0
4,10,2,10,1,1,1000,1000,1024,10000,5,0,78.60833333
4,10,2,1000000,1,0,1000,10,1024,100,2,0,1454.783333
4,10,4,10,10,0,1,10,1024,100,5,29,2.741666667
2,1,4,1000000,1,0,1000,10,512,100,5,29,0
2,1,4,1000000,1,0,1,1000,1024,10000,2,29,11.64166667
2,1,4,1000000,1,1,1,1000,512,10000,2,0,11.61666667
4,10,4,1000000,1,0,1,10,512,100,2,29,7.108333333
4,10,2,1000000,10,0,1,1000,1024,10000,2,29,19.5
2,1,4,1000000,10,0,1000,10,1024,100,2,0,0
4,1,2,1000000,10,1,1,10,1024,100,5,0,205.7583333
2,10,4,10,10,0,1000,1000,512,10000,5,29,607.025
4,1,4,10,1,1,1,1000,512,10000,2,0,1.133333333
4,1,2,1000000,10,0,1,1000,1024,10000,2,0,33.88333333
4,1,4,1000000,10,0,1000,10,512,100,2,0,99.65
2,1,2,10,10,1,1,10,1024,100,2,0,1.116666667
4,1,2,1000000,10,0,1,10,512,100,5,0,149.875
4,1,4,10,1,1,1000,1000,1024,10000,2,0,18.75
4,10,2,1000000,1,0,1000,10,512,100,5,29,427.2333333
2,1,2,10,1,0,1,1000,1024,10000,2,29,1.1
4,10,2,10,10,1,1000,10,1024,100,5,0,1840.966667
4,1,4,1000000,10,0,1000,10,512,100,2,29,140.4083333
4,10,4,1000000,10,1,1,10,512,100,5,29,65.5
4,10,2,1000000,1,1,1,10,1024,100,5,0,18.40833333
4,10,4,10,10,0,1000,10,512,100,5,29,1844.675
2,10,4,10,10,0,1000,1000,1024,10000,2,0,278.4583333
4,1,4,1000000,10,0,1,10,512,100,2,29,37.34166667
4,1,2,10,1,0,1,10,1024,100,5,29,1.241666667
2,1,2,1000000,10,1,1000,1000,512,10000,2,29,0
4,1,4,1000000,1,1,1000,10,1024,100,5,0,1071.2
2,1,2,10,1,1,1,1000,512,10000,2,0,1.1
2,10,2,10,10,0,1000,10,1024,100,2,0,239.6166667
4,10,2,10,10,1,1000,1000,1024,10000,5,29,1708.908333
4,1,4,1000000,1,0,1000,10,1024,100,2,0,3986.725
4,1,2,1000000,10,1,1000,1000,512,10000,2,0,276.6
2,10,2,10,1,1,1000,10,512,100,2,29,17.96666667
2,10,4,1000000,10,1,1000,1000,1024,10000,5,29,0
4,1,2,1000000,1,0,1,10,512,100,5,29,23.275
4,10,2,10,10,1,1,10,1024,100,5,29,2.575
4,1,2,10,1,1,1,1000,512,10000,5,0,1.258333333
4,10,4,1000000,1,1,1,10,512,100,5,0,18.675
4,1,4,1000000,10,1,1,10,1024,100,5,29,79.5
2,1,4,1000000,1,0,1000,1000,1024,10000,5,29,536.5
2,1,2,10,10,1,1000,1000,512,10000,2,0,252.3833333
4,1,2,1000000,10,0,1000,1000,512,10000,5,29,0
4,10,4,1000000,1,0,1,1000,1024,10000,2,0,7.2
2,1,4,1000000,10,1,1000,1000,512,10000,2,29,0
4,1,4,10,10,0,1000,10,1024,100,2,0,575.9166667
4,1,2,10,10,1,1000,1000,512,10000,2,29,515.275
4,1,2,1000000,10,1,1000,10,512,100,5,29,0
4,1,2,1000000,1,0,1,1000,512,10000,5,29,22.425
2,1,4,10,10,0,1000,10,1024,100,2,29,246.55
4,1,4,10,1,0,1000,1000,1024,10000,5,29,101.2166667
4,10,4,10,10,0,1,10,512,100,2,0,1.466666667
2,1,2,1000000,10,1,1,10,1024,100,5,0,0
4,10,2,1000000,1,0,1,10,512,100,5,0,18.14166667
4,1,2,1000000,1,0,1000,1000,512,10000,2,29,294.5833333
4,10,2,10,10,1,1000,1000,1024,10000,5,0,1760.8
2,10,4,1000000,1,1,1000,10,512,100,2,0,1423.583333
4,10,2,1000000,10,0,1000,10,512,100,2,29,29.8
4,10,2,10,1,0,1,10,1024,100,2,0,1.141666667
2,10,2,10,10,0,1,10,512,100,5,29,1.366666667
4,1,4,1000000,1,0,1000,10,512,100,2,29,3228.933333
4,10,4,1000000,10,1,1,1000,1024,10000,5,0,356.725
4,10,2,10,1,1,1000,1000,512,10000,2,0,26.40833333
2,1,2,1000000,1,1,1,1000,512,10000,5,0,19.89166667
4,1,4,10,10,0,1,1000,1024,10000,5,29,2.591666667
4,1,4,1000000,1,0,1,10,512,100,5,0,19.91666667
2,10,4,1000000,1,1,1000,1000,512,10000,2,29,1299.716667
2,10,2,10,10,0,1,1000,1024,10000,2,0,1.125
2,10,2,10,1,1,1000,10,512,100,5,0,51.71666667
2,1,2,10,10,1,1000,10,1024,100,5,29,589.0916667
2,10,2,10,10,1,1000,10,512,100,2,0,261.2333333
2,1,4,10,1,0,1,10,1024,100,5,0,1.125
4,1,2,10,1,0,1000,1000,512,10000,2,0,39.55833333
2,1,2,1000000,1,0,1000,10,1024,100,5,0,0
4,10,4,1000000,10,1,1000,1000,1024,10000,2,29,39.625
2,1,2,10,10,1,1000,10,1024,100,5,0,579.5083333
2,1,4,10,10,1,1,1000,1024,10000,2,0,1.133333333
4,10,2,10,1,1,1000,10,1024,100,2,29,23.875
2,10,4,1000000,10,1,1000,10,512,100,5,29,0
2,1,4,10,1,0,1000,10,512,100,2,29,11.63333333
2,10,2,10,1,0,1000,1000,512,10000,5,0,60.15833333
4,10,4,10,1,0,1,1000,512,10000,2,0,1.141666667
2,10,4,10,10,0,1,1000,512,10000,5,0,1.683333333
2,1,4,10,10,1,1000,10,1024,100,5,0,636.2
2,1,2,10,10,1,1000,1000,1024,10000,5,29,562.6916667
2,10,2,10,10,0,1,1000,512,10000,5,0,1.391666667
2,10,2,1000000,10,1,1,10,512,100,2,0,0
2,10,4,1000000,1,1,1,10,512,100,2,29,6.083333333
2,10,2,10,1,0,1,10,512,100,2,29,1.1
2,10,2,1000000,1,1,1000,10,1024,100,5,0,777.875
2,1,2,10,1,0,1000,10,1024,100,5,0,58.08333333
4,10,4,1000000,1,1,1,1000,1024,10000,5,0,18.625
4,10,4,1000000,1,0,1000,1000,1024,10000,2,0,2994.441667
2,1,2,1000000,10,0,1000,10,512,100,5,29,0
4,10,2,1000000,10,0,1,10,1024,100,5,29,29.44166667
2,10,2,10,10,0,1,1000,512,10000,2,29,1.133333333
4,1,2,10,1,1,1000,10,512,100,5,29,104.725
2,1,2,10,10,1,1000,1000,1024,10000,2,29,258.975
4,10,4,1000000,1,1,1,10,512,100,2,29,7.133333333
2,1,4,1000000,1,1,1000,10,512,100,5,29,507.8666667
2,1,2,10,1,0,1,1000,512,10000,5,0,1.116666667
2,10,4,1000000,10,0,1,10,1024,100,5,0,0
4,1,4,10,1,1,1000,1000,512,10000,5,0,96.975
4,1,2,1000000,10,0,1,10,512,100,2,0,37.38333333
4,10,4,10,1,0,1,1000,1024,10000,5,0,1.308333333
4,1,4,10,10,1,1,1000,1024,10000,5,29,2.675
4,10,2,1000000,10,0,1000,10,512,100,2,0,11.45
2,1,2,10,10,1,1000,10,512,100,2,29,258.8
2,1,2,1000000,1,1,1000,1000,512,10000,5,29,1611.425
4,1,4,10,10,0,1000,1000,1024,10000,5,0,1511.275
4,10,2,10,10,0,1000,10,1024,100,2,0,528.2166667
4,1,4,1000000,1,1,1,10,1024,100,5,29,18.76666667
4,10,4,10,10,1,1,1000,1024,10000,5,29,2.725
2,10,2,10,10,0,1000,10,512,100,5,29,740.925
4,10,4,10,1,1,1000,1000,512,10000,2,29,11.51666667
4,1,2,1000000,10,1,1,10,512,100,5,29,0.991666667
4,10,4,10,1,1,1000,10,512,100,5,29,63.64166667
4,10,2,10,10,0,1000,10,1024,100,2,29,539.375
4,1,2,10,10,1,1,1000,1024,10000,2,0,1.433333333
4,1,2,1000000,10,0,1,10,1024,100,2,0,33.11666667
4,10,4,1000000,1,1,1,1000,1024,10000,5,29,17.6
4,10,2,1000000,1,0,1,1000,1024,10000,5,29,17.98333333
2,10,4,10,1,1,1000,1000,1024,10000,2,29,7.7
2,1,4,10,10,1,1,1000,512,10000,5,29,1.316666667
2,1,2,10,1,1,1000,10,512,100,2,0,17.45
4,1,4,10,1,1,1,1000,512,10000,5,29,1.258333333
4,1,2,1000000,10,1,1000,1000,1024,10000,2,0,138.5416667
2,1,2,10,1,0,1000,1000,512,10000,5,0,62.16666667
2,1,4,10,1,1,1,1000,512,10000,2,0,1.1
2,1,4,10,10,0,1000,10,1024,100,5,0,620.4833333
4,10,2,10,1,0,1000,10,512,100,2,0,26.025
4,10,2,10,10,1,1,10,1024,100,2,29,1.408333333
2,1,4,10,10,0,1000,1000,1024,10000,5,29,647.7166667
4,1,4,1000000,1,1,1000,1000,1024,10000,5,0,2870.191667
4,10,4,1000000,10,1,1,1000,512,10000,5,29,44.96666667
4,1,2,10,10,0,1,10,1024,100,2,0,1.45
2,10,2,10,1,0,1,10,1024,100,5,29,1.108333333
2,1,2,1000000,10,0,1,10,512,100,5,29,0
4,1,4,10,1,1,1,1000,512,10000,5,0,1.258333333
4,1,4,1000000,1,0,1,10,1024,100,2,0,8.25
4,1,2,10,10,0,1,1000,512,10000,2,0,1.4
4,10,4,1000000,1,1,1000,1000,512,10000,5,0,669.8333333
4,10,4,10,10,1,1000,1000,1024,10000,2,29,847.5166667
2,10,2,10,1,0,1,10,512,100,5,29,1.125
2,1,2,1000000,1,0,1,10,1024,100,2,0,11.65
4,10,2,10,1,0,1,10,512,100,5,0,1.25
4,1,4,10,1,1,1000,10,512,100,2,0,19.38333333
2,10,2,10,10,1,1,1000,512,10000,2,0,1.133333333
2,1,4,1000000,1,0,1000,1000,1024,10000,2,29,913.5833333
2,10,4,1000000,10,1,1000,1000,512,10000,5,29,0
2,1,4,10,1,1,1000,1000,512,10000,2,0,12.40833333
2,10,2,1000000,10,0,1,10,1024,100,5,29,0
4,1,4,1000000,1,0,1000,10,512,100,5,0,1890.8
4,1,4,10,1,0,1,1000,512,10000,2,29,1.133333333
2,10,4,1000000,1,1,1,10,512,100,5,0,15.94166667
2,1,4,10,10,1,1000,1000,1024,10000,5,29,656.5416667
4,10,4,1000000,10,1,1,1000,1024,10000,5,29,107.0083333
4,1,4,1000000,10,1,1000,1000,1024,10000,2,29,124.3
4,10,4,1000000,1,1,1,1000,512,10000,2,0,6.883333333
4,10,2,1000000,10,0,1,1000,1024,10000,2,0,260.25
2,1,2,1000000,10,0,1,1000,1024,10000,2,29,0
4,10,4,10,10,0,1,1000,512,10000,2,29,1.475
2,1,2,10,10,0,1000,1000,1024,10000,5,0,557.3
2,10,2,10,10,1,1,1000,512,10000,2,29,1.391666667
2,1,4,1000000,1,1,1000,1000,512,10000,5,0,0
2,1,4,1000000,1,0,1000,10,512,100,5,0,349.575
2,1,4,1000000,1,1,1,10,1024,100,5,0,19.74166667
2,10,4,1000000,10,1,1000,1000,512,10000,2,0,0
2,1,2,10,1,0,1000,1000,1024,10000,5,29,65.075
2,10,2,10,1,0,1000,10,1024,100,2,29,16.55833333
4,1,4,1000000,10,1,1000,10,512,100,5,0,0
4,1,4,10,10,0,1,1000,512,10000,5,29,3.383333333
2,10,4,10,1,1,1000,10,512,100,2,29,7.75
2,1,2,10,10,1,1,1000,1024,10000,2,0,1.125
2,1,4,10,1,0,1000,1000,1024,10000,2,0,12.71666667
2,10,4,10,1,1,1000,10,512,100,5,29,36.3
4,10,2,1000000,1,1,1,10,512,100,5,0,155.0666667
4,10,4,10,1,1,1,1000,1024,10000,2,29,1.183333333
4,1,4,10,1,0,1,1000,1024,10000,5,29,1.241666667
4,10,2,10,10,0,1000,1000,1024,10000,2,29,578.5
2,1,4,1000000,1,1,1000,10,512,100,2,0,548.725
4,10,4,1000000,10,1,1000,1000,1024,10000,5,29,70.575
4,10,2,1000000,10,1,1,10,1024,100,2,0,61.5
4,1,4,1000000,10,0,1,1000,512,10000,5,29,130.8
2,1,4,10,10,0,1,1000,1024,10000,2,0,1.125
2,1,4,10,1,1,1,10,1024,100,5,0,1.116666667
4,1,4,1000000,10,0,1,10,512,100,5,29,235.45
4,1,4,1000000,10,0,1000,1000,512,10000,5,29,0
4,1,4,10,10,1,1000,10,512,100,5,0,1375.883333
2,1,2,10,1,1,1000,10,512,100,2,29,18.14166667
2,10,4,1000000,10,1,1000,1000,1024,10000,2,29,0
4,1,2,1000000,10,0,1,1000,1024,10000,2,29,37.675
2,1,4,10,10,1,1,1000,512,10000,5,0,1.333333333
2,10,4,10,10,1,1000,10,1024,100,2,29,274.9166667
4,1,2,1000000,10,0,1,1000,512,10000,5,0,496.2833333
2,10,4,10,1,0,1000,1000,1024,10000,5,29,44.95833333
2,1,2,1000000,10,1,1000,1000,1024,10000,5,29,0
2,10,2,10,1,1,1000,10,1024,100,5,0,56.18333333
4,1,4,1000000,10,1,1,1000,512,10000,5,0,284.3416667
4,10,2,10,1,0,1,10,1024,100,2,29,1.15
2,1,4,1000000,10,1,1000,1000,1024,10000,5,29,0
2,1,4,1000000,10,0,1,1000,512,10000,2,0,0
2,10,2,10,1,1,1,10,1024,100,2,0,1.4
4,1,2,1000000,10,1,1,10,512,100,2,29,35.54166667
4,10,2,10,10,0,1000,10,512,100,2,0,589.0833333
2,1,4,10,10,0,1000,1000,512,10000,5,29,645.2916667
4,1,4,1000000,10,0,1000,1000,1024,10000,2,0,137.075
2,1,2,1000000,1,0,1000,1000,1024,10000,2,29,1353.416667
2,10,4,1000000,10,1,1,1000,512,10000,5,29,0
4,1,4,10,10,0,1000,10,512,100,5,0,3197.891667
2,10,2,10,1,1,1,1000,512,10000,5,0,1.116666667
2,10,4,1000000,1,0,1,1000,512,10000,5,0,15.29166667
4,1,2,1000000,10,1,1,1000,1024,10000,2,0,38.54166667
4,1,4,1000000,10,0,1000,10,1024,100,2,29,163.7166667
2,1,4,10,10,1,1,1000,1024,10000,2,29,1.4
2,1,2,10,10,0,1,10,512,100,2,0,1.1
2,1,4,10,10,0,1000,1000,512,10000,5,0,657.75
4,10,2,1000000,10,0,1000,1000,512,10000,5,0,59.44166667
2,10,2,10,1,0,1000,1000,512,10000,2,0,18.03333333
2,10,4,10,10,0,1,1000,1024,10000,2,29,1.116666667
4,10,4,10,10,1,1000,10,512,100,5,0,1758.325
4,10,2,1000000,1,1,1000,1000,1024,10000,2,29,2129.2
4,10,4,1000000,1,1,1000,1000,1024,10000,2,29,1860
4,10,2,10,1,1,1000,1000,1024,10000,2,29,22.88333333
2,10,4,1000000,10,1,1,1000,512,10000,2,29,0
2,10,2,1000000,1,1,1000,10,512,100,5,0,3164
2,10,2,1000000,10,1,1,1000,512,10000,2,29,0
2,1,4,1000000,10,0,1000,1000,1024,10000,5,0,0
4,10,2,10,10,1,1,1000,512,10000,2,29,1.383333333
4,1,2,1000000,1,1,1000,10,512,100,5,0,343.6666667
2,1,4,1000000,1,0,1,10,1024,100,5,29,19.39166667
4,10,2,1000000,1,1,1000,1000,512,10000,5,0,2667.25
2,1,2,10,10,1,1,1000,1024,10000,5,0,1.258333333
2,10,2,10,10,1,1,10,512,100,5,29,1.416666667
4,10,4,1000000,10,1,1000,10,512,100,2,0,0
2,10,4,1000000,1,1,1000,1000,512,10000,5,0,0
2,10,2,1000000,1,1,1,10,1024,100,5,29,15.18333333
4,1,2,1000000,1,1,1,1000,1024,10000,2,29,5.408333333
4,10,2,1000000,1,0,1,1000,1024,10000,5,0,19.26666667
2,10,2,10,10,1,1000,10,1024,100,5,0,708.4416667
2,1,2,10,1,0,1,10,512,100,5,29,1.1
2,10,4,1000000,1,0,1,10,1024,100,2,29,6.666666667
4,10,2,1000000,10,0,1000,10,1024,100,2,0,7.383333333
2,1,4,1000000,10,1,1000,10,512,100,2,29,0
4,10,4,10,1,1,1,1000,1024,10000,5,0,1.241666667
2,1,4,10,10,0,1000,10,1024,100,2,0,245.5083333
4,10,2,1000000,1,0,1000,1000,512,10000,2,29,1679.75
2,1,4,10,10,0,1000,10,512,100,2,29,247.2416667
4,1,2,10,10,1,1000,10,512,100,2,0,456.4416667
4,1,4,1000000,1,0,1,10,1024,100,5,29,19.00833333
4,1,4,10,1,1,1,1000,1024,10000,5,29,1.258333333
2,10,4,1000000,1,0,1,10,1024,100,5,0,14.25
2,1,2,10,10,1,1000,10,1024,100,2,29,244.925
2,10,4,1000000,10,1,1000,1000,512,10000,5,0,0
2,1,4,10,1,0,1000,1000,512,10000,2,0,14.04166667
2,1,4,1000000,1,1,1,10,512,100,5,0,22.8
2,1,4,1000000,1,0,1000,10,1024,100,5,0,888.475
2,1,2,10,10,0,1,1000,1024,10000,2,0,1.116666667
2,10,4,10,1,1,1,1000,1024,10000,2,0,1.1
2,10,2,10,10,1,1000,10,512,100,5,29,713
4,1,4,1000000,1,0,1,1000,512,10000,2,29,8.15
2,1,4,1000000,1,0,1000,1000,512,10000,5,29,717.65
2,10,4,10,10,1,1000,10,512,100,2,0,268.025
2,1,4,1000000,1,1,1000,1000,512,10000,5,29,0
2,1,2,10,1,0,1,1000,1024,10000,5,29,1.108333333
4,1,2,1000000,1,1,1000,10,1024,100,5,29,223.9583333
4,10,4,1000000,1,0,1000,10,1024,100,2,29,1733.583333
2,1,4,1000000,1,0,1,1000,512,10000,5,0,19.56666667
2,10,4,1000000,10,1,1,10,512,100,2,0,0
2,1,4,10,1,0,1000,10,512,100,5,0,42.58333333
4,1,4,1000000,10,1,1000,10,1024,100,2,29,456.8333333
4,1,4,1000000,1,1,1,10,1024,100,5,0,20.35833333
2,10,4,1000000,1,0,1,1000,512,10000,2,0,6.591666667
4,1,2,1000000,1,1,1000,10,512,100,2,29,474.4
2,10,2,10,10,1,1000,1000,512,10000,5,0,699
4,10,4,1000000,1,1,1000,10,1024,100,5,0,348.0333333
2,10,2,10,1,0,1000,1000,1024,10000,5,29,53.59166667
4,10,4,1000000,10,0,1,10,512,100,5,29,0
4,1,4,1000000,10,0,1000,1000,1024,10000,5,29,0
4,1,4,1000000,10,1,1000,1000,512,10000,5,0,0
2,1,4,1000000,10,0,1000,10,512,100,5,0,0
2,10,2,10,10,0,1,10,512,100,2,29,1.116666667
2,10,2,10,1,1,1000,10,1024,100,2,29,17.74166667
2,1,4,1000000,10,1,1,10,512,100,5,0,0
2,10,2,1000000,10,0,1,1000,512,10000,2,29,0
4,1,2,10,1,1,1000,1000,512,10000,5,0,98.26666667
2,10,2,1000000,10,1,1,1000,1024,10000,2,29,0
2,10,2,10,1,0,1,1000,1024,10000,2,29,1.1
2,1,4,1000000,1,1,1,10,512,100,5,29,19.325
4,1,4,10,1,0,1,10,512,100,2,0,0.908333333
2,10,4,10,10,0,1000,10,1024,100,2,0,265.675
4,10,4,1000000,1,1,1000,10,1024,100,2,29,1700.016667
4,10,4,1000000,10,1,1,10,1024,100,5,29,101.7166667
2,1,4,10,10,0,1,1000,1024,10000,5,29,1.333333333
2,1,4,10,10,1,1,10,1024,100,5,0,1.341666667
4,10,4,1000000,1,1,1000,1000,512,10000,2,0,760.5416667
2,10,2,1000000,10,0,1000,1000,1024,10000,2,29,0
2,10,2,10,10,1,1000,10,1024,100,2,0,250.2833333
4,1,2,10,10,0,1000,10,1024,100,2,29,492.2416667
4,10,4,1000000,1,0,1,1000,1024,10000,5,0,18.05
2,1,4,1000000,1,1,1000,10,1024,100,5,29,183.375
4,1,2,1000000,10,0,1,10,512,100,5,29,188.9166667
2,10,4,10,1,0,1000,10,1024,100,2,0,7.75
2,10,4,10,10,1,1,10,512,100,5,0,1.366666667
2,1,2,10,10,1,1,10,512,100,5,29,1.275
2,10,4,1000000,1,1,1000,1000,512,10000,5,29,244.3333333
2,10,4,1000000,10,1,1000,10,512,100,2,29,0
2,10,2,1000000,1,1,1,10,1024,100,2,0,6.75
4,10,4,10,10,0,1000,1000,512,10000,2,0,857.0916667
2,1,4,1000000,1,0,1000,1000,1024,10000,2,0,745.1
4,1,2,10,10,1,1000,10,1024,100,2,29,507.0916667
4,1,2,1000000,10,1,1000,1000,1024,10000,5,29,0
4,10,2,1000000,1,0,1000,1000,512,10000,2,0,228.2916667
4,10,2,10,10,0,1,10,512,100,2,29,1.4
4,10,2,1000000,10,0,1000,1000,512,10000,5,29,0
2,1,2,1000000,10,1,1000,1000,1024,10000,2,29,0
2,10,2,1000000,10,0,1000,1000,1024,10000,5,0,0
4,1,2,10,10,0,1,10,1024,100,2,29,1.4
2,1,4,1000000,10,0,1000,1000,1024,10000,2,0,0
2,1,2,10,10,0,1,1000,512,10000,2,0,1.125
4,1,2,1000000,1,1,1,10,512,100,2,29,5.283333333
4,1,2,10,1,0,1,10,512,100,5,29,1.258333333
4,10,4,10,1,0,1000,10,1024,100,5,29,54.81666667
4,10,4,1000000,10,0,1000,10,1024,100,5,29,0
2,10,2,10,10,0,1000,1000,512,10000,5,0,745.55
4,1,2,1000000,1,0,1000,10,512,100,5,29,1079.691667
4,1,2,1000000,1,1,1,1000,1024,10000,5,0,23.775
4,1,4,10,10,0,1000,1000,1024,10000,2,29,539.975
2,1,4,1000000,10,0,1,1000,1024,10000,5,29,0
2,1,4,10,1,1,1,10,512,100,5,0,1.108333333
2,1,4,10,1,1,1000,10,512,100,2,0,11.43333333
4,10,4,10,1,0,1,1000,512,10000,5,0,1.25
4,10,2,1000000,1,1,1,10,512,100,2,29,5.241666667
2,1,4,10,1,1,1000,10,1024,100,5,29,41.73333333
4,1,2,1000000,10,1,1000,10,1024,100,2,29,157.775
2,1,4,10,10,1,1000,1000,1024,10000,5,0,661.5666667
2,10,2,1000000,1,0,1,10,1024,100,2,29,6.708333333
2,10,2,1000000,10,1,1000,10,512,100,5,29,0
4,1,4,1000000,1,0,1000,1000,1024,10000,2,0,0
4,10,2,10,1,0,1,10,512,100,5,29,1.266666667
4,10,2,10,10,1,1000,10,1024,100,2,29,603.45
4,10,4,10,10,1,1000,1000,512,10000,5,29,1870.025
4,1,2,1000000,1,0,1000,1000,512,10000,2,0,1331.366667
4,10,2,1000000,10,0,1000,1000,512,10000,2,29,124.0583333
4,1,4,1000000,10,0,1,10,512,100,2,0,36.16666667
4,1,4,1000000,10,0,1,1000,1024,10000,2,0,38.03333333
2,10,2,10,10,1,1,10,512,100,2,0,1.108333333
4,1,4,1000000,10,1,1000,10,1024,100,5,0,0
4,1,2,1000000,10,1,1,10,1024,100,5,29,250.9083333
2,1,2,1000000,1,0,1000,10,1024,100,2,29,1234.183333
2,10,2,1000000,10,1,1,1000,512,10000,5,29,0
2,1,2,1000000,1,1,1,1000,512,10000,5,29,19.55833333
2,1,2,1000000,10,0,1000,1000,1024,10000,2,0,0
2,1,4,10,10,1,1000,10,512,100,5,0,637.7333333
2,10,2,10,1,0,1,1000,512,10000,2,29,1.1
4,1,2,1000000,10,0,1000,10,512,100,2,0,546.5833333
4,10,2,10,1,1,1,10,1024,100,2,0,1.141666667
2,1,2,10,10,1,1000,10,512,100,2,0,253.2833333
4,1,4,1000000,10,1,1,1000,512,10000,5,29,29.45
4,10,4,10,1,0,1000,10,1024,100,2,29,18
2,10,4,1000000,10,1,1000,1000,1024,10000,5,0,0
4,10,4,10,10,0,1,1000,512,10000,5,0,2.783333333
2,10,4,10,1,1,1,10,512,100,5,0,1.1
4,10,4,10,1,0,1000,10,512,100,2,0,12.48333333
4,1,2,10,1,0,1,1000,512,10000,5,29,1.233333333
2,1,2,1000000,10,1,1000,10,512,100,2,29,0
2,10,4,1000000,10,0,1000,10,512,100,5,0,0
2,10,4,10,1,0,1,10,512,100,5,0,1.125
4,1,4,1000000,1,0,1,1000,1024,10000,2,0,8.541666667
2,10,4,1000000,10,1,1,1000,1024,10000,2,0,0
2,1,2,10,1,1,1000,1000,512,10000,5,0,57.98333333
2,1,2,1000000,1,1,1000,10,512,100,5,29,0
4,1,2,1000000,1,1,1000,10,512,100,2,0,0
4,10,4,10,10,1,1000,1000,512,10000,2,0,900.7166667
2,1,4,1000000,1,1,1,1000,512,10000,2,29,12.09166667
4,10,2,1000000,1,1,1000,10,512,100,5,29,0
4,10,2,10,1,0,1,10,1024,100,5,0,1.25
2,1,2,10,10,0,1,10,512,100,5,29,1.275
4,10,2,1000000,1,0,1000,1000,1024,10000,5,29,1077.5
2,1,4,1000000,1,1,1,1000,1024,10000,5,29,21.5
4,10,4,10,10,0,1000,10,1024,100,2,29,820.8333333
4,10,4,1000000,10,1,1,10,1024,100,2,0,78.81666667
4,1,4,1000000,10,1,1,1000,1024,10000,5,0,300.625
2,10,2,1000000,1,1,1000,1000,1024,10000,2,0,675.3583333
2,1,2,10,1,1,1,1000,512,10000,5,29,1.108333333
4,1,2,1000000,1,0,1,1000,1024,10000,2,29,5.216666667
2,1,4,1000000,10,1,1,10,1024,100,2,29,0
4,1,2,10,1,0,1000,10,512,100,5,0,87.93333333
4,10,2,10,10,1,1,1000,512,10000,2,0,1.725
4,10,2,10,1,0,1,1000,1024,10000,5,29,1.25
2,10,2,1000000,1,0,1000,10,1024,100,2,29,1422.291667
4,10,4,10,1,0,1000,1000,512,10000,5,29,57.81666667
4,1,4,1000000,10,0,1000,1000,512,10000,2,0,79.35833333
4,1,2,10,10,1,1,10,512,100,2,29,1.416666667
4,10,2,1000000,10,1,1,1000,1024,10000,5,0,0
2,1,2,1000000,10,1,1000,10,1024,100,2,0,0
2,10,4,10,1,0,1000,10,512,100,2,29,7.091666667
2,1,2,1000000,10,1,1000,1000,512,10000,5,0,0
4,10,2,1000000,1,0,1,10,1024,100,2,29,5.741666667
2,1,4,1000000,1,0,1,1000,1024,10000,5,0,17.8
4,1,2,1000000,10,0,1000,1000,1024,10000,5,29,0
4,1,2,1000000,10,0,1,1000,512,10000,2,0,32.83333333
4,1,2,10,1,0,1,10,512,100,2,29,1.15
2,1,4,10,1,1,1,10,512,100,2,0,1.1
4,1,4,1000000,1,0,1000,1000,512,10000,2,0,2536.016667
2,10,2,1000000,1,0,1,10,1024,100,5,0,15.99166667
2,1,4,10,1,0,1,1000,1024,10000,5,0,1.125
4,10,2,10,10,1,1,1000,1024,10000,2,29,1.383333333
4,10,4,10,1,0,1000,10,1024,100,5,0,57.45833333
2,1,2,1000000,10,0,1,10,1024,100,2,0,0
4,1,2,1000000,1,0,1,1000,1024,10000,2,0,5.225
2,1,2,1000000,1,0,1000,1000,1024,10000,5,0,823.2666667
2,10,2,1000000,10,0,1,10,1024,100,5,0,0
2,10,2,1000000,1,0,1,10,512,100,5,0,15.21666667
2,10,2,1000000,1,0,1000,10,1024,100,5,0,170.5
4,10,4,10,10,1,1000,10,512,100,2,29,680.5833333
4,1,2,10,1,0,1,1000,512,10000,2,0,1.15
2,1,2,1000000,10,0,1000,10,1024,100,2,0,0
4,1,2,1000000,10,1,1000,1000,1024,10000,5,0,0
4,10,2,10,1,0,1000,10,1024,100,2,0,25.175
4,1,4,10,1,1,1,1000,1024,10000,2,29,1.141666667
4,1,2,1000000,1,1,1,10,512,100,5,29,22.90833333
2,10,2,10,10,0,1000,1000,1024,10000,5,29,719.6583333
2,1,2,1000000,1,1,1,1000,1024,10000,5,29,19.11666667
2,1,2,10,10,1,1,1000,1024,10000,2,29,1.35
4,1,4,1000000,1,1,1,1000,512,10000,2,0,26.01666667
2,1,4,10,10,0,1000,1000,1024,10000,2,0,272.0916667
2,10,2,1000000,10,1,1000,10,512,100,2,29,0
4,1,4,1000000,1,1,1000,1000,512,10000,2,0,443.3083333
2,1,4,10,1,0,1000,1000,1024,10000,5,29,40.95833333
2,1,4,1000000,10,0,1,10,512,100,5,29,0
4,1,2,10,10,0,1,10,1024,100,5,29,2.558333333
4,1,4,1000000,1,1,1000,10,512,100,5,29,371.3333333
2,1,2,10,10,1,1,10,1024,100,5,0,1.3
4,1,2,10,10,0,1000,1000,512,10000,5,0,1332.025
4,10,4,10,10,1,1,10,1024,100,5,0,2.716666667
4,1,2,1000000,10,1,1000,1000,1024,10000,2,29,188.7916667
2,10,2,10,1,1,1000,1000,512,10000,5,0,58.775
4,10,2,10,1,1,1,1000,1024,10000,5,0,1.266666667
4,10,2,1000000,1,1,1,1000,512,10000,5,0,18.91666667
2,1,2,10,10,0,1000,10,1024,100,2,0,238.0583333
4,1,2,10,1,1,1,10,512,100,2,29,1.166666667
4,10,4,1000000,10,0,1000,1000,512,10000,5,29,75.9
2,10,4,1000000,1,1,1000,10,1024,100,5,29,880.5
2,1,4,10,1,0,1000,1000,1024,10000,5,0,44.46666667
4,1,2,1000000,10,0,1,1000,512,10000,5,29,171.9083333
4,1,4,1000000,1,0,1,10,1024,100,2,29,8.966666667
4,1,2,1000000,1,1,1,1000,1024,10000,2,0,5.208333333
4,1,4,1000000,10,1,1,10,512,100,5,29,0
4,10,4,1000000,1,1,1,10,1024,100,2,0,6.6
4,1,4,1000000,1,1,1000,1000,1024,10000,2,0,0
4,1,4,1000000,10,0,1,10,512,100,5,0,281.3666667
4,10,2,10,1,1,1000,1000,512,10000,5,29,86.08333333
4,10,2,1000000,10,1,1,10,512,100,5,29,132.05
4,10,2,10,10,1,1000,1000,512,10000,2,0,571.825
2,1,2,1000000,10,0,1000,10,512,100,2,29,0
2,1,2,1000000,1,1,1000,10,1024,100,2,0,538.175
4,10,2,1000000,10,0,1,1000,1024,10000,5,0,270.975
2,10,2,10,10,0,1000,10,1024,100,2,29,254.75
2,1,2,10,10,1,1,10,1024,100,2,29,1.116666667
2,1,4,1000000,10,0,1000,10,1024,100,5,29,0
2,10,4,10,1,0,1,10,1024,100,2,29,1.1
4,10,4,10,1,1,1,10,1024,100,2,0,1.166666667
4,10,2,1000000,10,0,1000,10,1024,100,2,29,19.275
2,1,2,10,10,1,1000,1000,512,10000,5,29,624.25
2,1,2,10,10,0,1,10,1024,100,2,0,1.125
2,10,4,1000000,1,1,1000,10,1024,100,2,0,1095.75
2,10,4,10,10,0,1000,1000,512,10000,5,0,612.975
4,10,4,1000000,10,0,1000,1000,1024,10000,2,0,25.01666667
2,1,4,10,10,0,1,1000,512,10000,5,0,1.366666667
2,10,4,1000000,10,0,1000,1000,1024,10000,5,29,0
2,10,2,1000000,10,0,1000,10,512,100,5,0,0
2,10,2,10,1,0,1,1000,512,10000,5,0,1.125
4,1,2,1000000,1,1,1000,10,1024,100,5,0,156.9833333
4,1,4,1000000,1,0,1000,1000,512,10000,5,29,2976.55
2,10,4,1000000,1,1,1,10,1024,100,5,0,14.95833333
4,10,2,1000000,1,1,1,1000,1024,10000,2,29,5.708333333
4,10,2,1000000,10,1,1000,1000,1024,10000,5,0,0
4,1,4,1000000,10,1,1000,1000,1024,10000,2,0,18.45833333
2,1,2,10,1,1,1,10,1024,100,5,29,1.1
4,1,2,10,10,1,1,1000,512,10000,5,0,2.608333333
2,1,4,1000000,1,0,1,1000,512,10000,5,29,19.68333333
4,1,4,1000000,1,1,1,1000,1024,10000,2,29,8.666666667
2,1,4,10,1,1,1,10,1024,100,5,29,1.125
2,10,4,1000000,1,0,1,1000,1024,10000,5,29,15.75
2,10,4,1000000,10,0,1,10,1024,100,2,29,0
2,10,4,10,10,1,1,10,1024,100,5,29,1.408333333
4,1,2,10,1,0,1000,10,1024,100,2,0,32
4,10,2,10,10,0,1,10,1024,100,2,0,1.4
4,10,2,10,10,0,1,10,512,100,5,29,2.616666667
4,10,2,1000000,1,1,1000,10,512,100,5,0,624.1666667
2,1,4,1000000,10,0,1,10,1024,100,2,0,0
4,10,2,1000000,1,1,1000,1000,1024,10000,5,0,0
4,1,2,10,1,1,1,1000,512,10000,2,29,1.141666667
4,10,4,1000000,1,0,1000,1000,512,10000,2,29,2913.791667
4,10,4,1000000,10,0,1,1000,1024,10000,5,0,145.5833333
4,1,2,10,1,0,1000,10,1024,100,5,29,89.25
4,10,4,10,1,1,1,10,512,100,5,0,1.3
4,10,2,10,10,0,1,10,512,100,2,0,1.425
2,10,2,10,10,1,1000,10,1024,100,5,29,772.3
2,10,4,10,1,1,1,10,1024,100,5,29,1.108333333
2,1,4,10,10,1,1,10,512,100,5,0,1.341666667
4,10,2,10,1,1,1,1000,1024,10000,5,29,1.266666667
4,10,2,10,10,0,1,10,1024,100,5,29,3.616666667
2,1,4,1000000,1,0,1,10,1024,100,2,0,12.2
2,10,2,1000000,10,0,1,1000,512,10000,2,0,0
4,10,4,1000000,1,1,1,1000,512,10000,5,29,17.95
2,1,2,1000000,10,1,1,10,1024,100,2,0,0
4,10,2,10,10,0,1000,1000,1024,10000,5,29,1718.766667
4,10,4,1000000,10,1,1,10,512,100,2,0,108.3833333
4,1,4,1000000,10,1,1000,10,1024,100,5,29,0
2,10,4,10,1,1,1000,10,1024,100,5,29,38.61666667
4,1,4,1000000,10,0,1000,1000,512,10000,2,29,111.9583333
2,1,2,10,10,1,1000,10,1024,100,2,0,261.2333333
2,10,2,10,10,1,1,1000,1024,10000,2,29,1.125
2,1,2,1000000,10,1,1,1000,1024,10000,2,29,0
2,10,2,1000000,1,0,1,1000,512,10000,2,0,6.625
2,10,2,1000000,1,0,1000,10,1024,100,2,0,1236.366667
4,10,2,1000000,10,1,1000,1000,512,10000,2,29,141.8
4,1,4,1000000,1,0,1,10,1024,100,5,0,20
2,10,4,10,10,1,1,1000,512,10000,2,29,1.125
2,1,2,1000000,1,1,1,10,1024,100,2,29,12.39166667
4,10,4,10,1,0,1,1000,512,10000,5,29,1.266666667
4,1,2,1000000,10,1,1,10,512,100,5,0,273.7583333
2,10,4,10,1,1,1000,1000,1024,10000,2,0,10.35833333
4,1,2,10,10,0,1000,10,512,100,2,0,503.6083333
2,1,2,1000000,10,0,1,1000,512,10000,5,29,0
2,10,4,10,10,1,1,1000,1024,10000,5,29,1.383333333
4,10,2,1000000,10,1,1000,10,512,100,5,0,0
4,1,2,10,10,1,1000,10,512,100,5,0,1191.516667
4,1,4,10,10,0,1,1000,1024,10000,5,0,2.666666667
2,10,2,10,1,0,1,1000,512,10000,5,29,1.133333333
2,10,2,1000000,1,1,1000,10,1024,100,2,0,1760.966667
4,10,4,10,10,0,1,10,1024,100,2,0,1.716666667
4,1,2,10,10,0,1,1000,512,10000,5,0,2.525
2,10,4,1000000,10,1,1,10,1024,100,2,29,0
4,1,2,10,10,0,1,1000,1024,10000,2,0,1.45
4,1,4,10,1,1,1000,10,1024,100,5,0,101.1583333
2,1,2,10,10,0,1000,10,512,100,2,0,428.4916667
2,1,4,1000000,10,1,1000,1000,1024,10000,2,29,0
4,10,4,1000000,1,1,1,1000,1024,10000,2,29,7.041666667
2,10,4,1000000,1,0,1000,10,512,100,2,29,1384.808333
4,1,4,10,10,0,1000,1000,1024,10000,5,29,1399.3
2,1,4,1000000,1,1,1000,10,1024,100,2,29,0
2,10,2,1000000,1,1,1,1000,1024,10000,2,0,6.383333333
4,10,2,10,1,1,1000,1000,512,10000,2,29,23.03333333
2,1,2,1000000,1,1,1000,10,512,100,5,0,0
4,1,4,10,1,0,1000,10,512,100,5,0,87.58333333
4,10,2,10,1,1,1000,10,1024,100,2,0,21.825
2,10,2,1000000,1,1,1,10,1024,100,5,0,14.59166667
2,10,2,10,1,1,1,1000,1024,10000,5,0,1.125
2,1,2,1000000,1,0,1000,1000,512,10000,2,29,761.0916667
2,1,2,10,1,1,1000,10,1024,100,2,29,17.875
4,1,2,1000000,1,0,1,1000,1024,10000,5,0,23.13333333
4,10,2,10,10,1,1,1000,1024,10000,5,0,3.891666667
2,1,4,1000000,1,0,1,1000,512,10000,2,0,11.76666667
2,1,4,1000000,1,1,1000,10,1024,100,2,0,548.575
2,1,2,10,1,0,1,10,1024,100,5,0,1.116666667
4,1,4,10,10,1,1000,1000,1024,10000,2,29,580.875
2,1,2,1000000,1,0,1000,10,512,100,5,0,0
2,1,2,1000000,10,0,1,10,1024,100,5,29,0
2,1,4,10,10,1,1000,10,1024,100,2,0,244.875
2,1,4,10,1,0,1,1000,512,10000,2,29,1.1
4,10,4,1000000,10,1,1,10,512,100,2,29,346.525
2,10,4,1000000,10,0,1,10,512,100,5,29,0
4,1,2,10,10,1,1,10,512,100,5,29,2.7
4,10,2,10,1,1,1000,10,512,100,2,29,23.33333333
2,1,4,10,1,1,1,10,512,100,5,29,1.108333333
4,10,2,10,10,1,1,10,512,100,2,29,1.408333333
2,10,4,1000000,1,0,1000,1000,512,10000,5,29,2424.458333
2,1,4,1000000,10,1,1,1000,1024,10000,5,29,0
2,10,2,1000000,10,1,1,1000,512,10000,2,0,0
4,10,4,10,1,0,1,1000,512,10000,2,29,1.133333333
4,1,2,1000000,1,0,1,10,512,100,5,0,23.03333333
4,10,4,1000000,10,0,1,1000,512,10000,2,29,190.7166667
2,1,2,1000000,10,1,1000,1000,1024,10000,5,0,0
4,1,4,10,10,1,1,10,512,100,5,0,2.516666667
2,10,2,1000000,1,1,1000,10,512,100,2,29,1455.866667
2,1,4,10,1,1,1000,10,1024,100,2,0,12.03333333
4,10,4,1000000,10,1,1000,10,512,100,5,29,0
4,1,2,10,1,0,1000,1000,1024,10000,5,29,100.3583333
2,1,2,1000000,10,0,1000,1000,1024,10000,5,0,0
2,10,2,1000000,10,1,1000,1000,1024,10000,5,0,0
2,10,4,1000000,10,1,1,1000,512,10000,5,0,0
2,1,4,10,1,0,1000,10,1024,100,5,0,43.23333333
2,10,4,1000000,10,0,1,1000,1024,10000,2,29,0
2,1,2,1000000,10,0,1000,1000,512,10000,2,29,0
2,10,4,10,10,0,1,1000,1024,10000,5,29,1.716666667
4,10,2,1000000,1,1,1000,1000,512,10000,2,29,408.4333333
4,1,2,10,10,0,1,1000,1024,10000,5,0,2.7
4,1,4,10,10,1,1,10,1024,100,2,29,1.408333333
4,10,4,10,1,0,1000,1000,512,10000,5,0,67
2,10,4,1000000,1,1,1,10,1024,100,2,29,6.5
4,1,2,10,1,0,1,10,1024,100,2,0,1.241666667
4,1,4,1000000,1,1,1,10,1024,100,2,0,8.666666667
4,10,2,10,10,1,1000,10,512,100,5,29,1642.041667
2,10,4,1000000,1,0,1000,1000,512,10000,2,0,1119.291667
4,10,2,1000000,1,1,1,10,1024,100,5,29,18.94166667
2,1,2,10,10,0,1000,1000,1024,10000,2,0,264.1
4,1,2,1000000,10,0,1,10,1024,100,2,29,31.2
4,10,2,1000000,10,1,1,10,1024,100,5,0,69.29166667
4,10,2,10,1,1,1,10,512,100,2,0,1.158333333
2,1,2,10,10,0,1,10,512,100,5,0,1.508333333
4,10,4,1000000,1,1,1,1000,512,10000,5,0,19.4
2,1,4,10,1,0,1,10,512,100,5,29,1.1
2,10,2,1000000,10,0,1,1000,512,10000,5,29,0
4,1,2,1000000,10,1,1,10,1024,100,2,0,34.90833333
4,1,4,10,10,0,1000,1000,512,10000,5,0,2985.091667
2,10,4,1000000,10,1,1,10,1024,100,5,29,0
2,1,4,10,10,1,1000,10,512,100,2,0,241.575
2,10,2,10,10,0,1,1000,1024,10000,5,29,1.675
2,10,2,10,1,0,1000,10,512,100,2,29,16.175
4,10,2,1000000,1,0,1,1000,1024,10000,2,29,5.708333333
4,1,2,1000000,10,0,1,1000,1024,10000,5,29,224.8666667
2,1,2,1000000,10,0,1000,10,1024,100,2,29,0
2,10,4,10,10,0,1,10,1024,100,5,0,1.4
2,1,4,10,1,1,1,1000,1024,10000,2,29,1.1
4,10,4,1000000,10,1,1000,1000,512,10000,2,29,36.06666667
2,10,4,1000000,1,1,1,1000,512,10000,5,29,16.28333333
4,1,4,1000000,1,1,1,1000,512,10000,5,0,19.61666667
2,1,2,10,10,1,1,10,1024,100,5,29,1.258333333
4,10,2,1000000,1,0,1000,10,1024,100,5,0,395.4916667
4,10,4,10,1,1,1000,1000,1024,10000,2,29,10.98333333
4,1,4,10,1,0,1000,10,512,100,2,0,22.20833333
2,1,4,10,1,0,1,1000,512,10000,2,0,1.1
4,1,4,10,10,1,1000,1000,512,10000,5,29,1438.183333
2,1,2,10,10,1,1,1000,512,10000,2,0,1.133333333
2,1,4,1000000,10,1,1,10,1024,100,2,0,0
2,1,2,10,1,1,1000,1000,512,10000,2,0,16.45833333
2,1,4,10,10,1,1000,1000,512,10000,5,0,638.4916667
2,10,2,1000000,10,1,1000,1000,1024,10000,2,29,0
4,10,4,10,1,1,1,10,512,100,5,29,1.25
2,10,4,10,10,0,1000,10,1024,100,5,29,647.5833333
4,1,2,10,10,1,1000,10,512,100,2,29,502.4666667
2,10,2,10,10,1,1,10,1024,100,2,29,1.125
2,1,2,1000000,10,1,1,10,1024,100,2,29,0
2,10,2,10,10,1,1,1000,512,10000,5,0,1.358333333
2,1,4,10,1,1,1000,10,512,100,2,29,12.68333333
2,1,4,10,1,0,1000,1000,512,10000,2,29,13.33333333
4,1,2,10,1,0,1000,1000,1024,10000,5,0,95.99166667
2,1,4,10,10,0,1,1000,512,10000,5,29,1.341666667
4,10,4,10,1,1,1000,1000,512,10000,5,0,52.35
4,1,2,10,1,0,1000,1000,1024,10000,2,29,42.03333333
4,10,4,10,10,1,1,10,512,100,2,29,1.383333333
4,10,4,1000000,1,1,1000,10,512,100,2,29,264.9916667
2,10,4,1000000,10,1,1000,10,1024,100,2,0,0
2,1,2,1000000,10,1,1000,10,1024,100,5,0,0
4,10,2,10,1,1,1,1000,512,10000,2,29,1.133333333
4,10,4,1000000,1,1,1000,1000,1024,10000,5,0,6182.775
2,1,2,1000000,1,0,1000,10,512,100,2,0,1285.391667
2,10,2,10,1,1,1000,1000,1024,10000,2,29,20.11666667
2,10,2,1000000,1,1,1000,10,512,100,2,0,1101.883333
4,10,2,10,1,1,1,10,1024,100,5,0,1.266666667
2,1,2,10,1,0,1000,1000,512,10000,2,0,17.18333333
4,1,2,10,1,1,1000,1000,1024,10000,2,29,35.71666667
4,1,2,10,1,1,1,1000,512,10000,2,0,1.141666667
2,1,4,1000000,10,0,1,1000,512,10000,2,29,0
4,1,4,10,1,1,1,10,512,100,5,0,1.25
2,1,2,1000000,1,1,1,1000,512,10000,2,29,11.64166667
4,1,2,1000000,10,1,1,10,512,100,2,0,32.18333333
2,1,4,1000000,10,0,1000,1000,1024,10000,5,29,0
4,1,4,1000000,10,0,1000,10,1024,100,2,0,217.275
4,10,2,1000000,1,1,1,10,1024,100,2,0,5.575
4,1,2,1000000,1,1,1,10,1024,100,2,29,5.241666667
2,10,4,10,10,1,1000,10,512,100,5,0,650.1083333
4,1,2,10,1,1,1,10,512,100,5,0,1.233333333
2,1,2,10,10,0,1000,10,1024,100,2,29,264.6666667
4,1,2,1000000,10,0,1,10,512,100,2,29,37.13333333
4,10,2,1000000,1,1,1,10,512,100,2,0,5.491666667
2,10,4,10,10,1,1,10,512,100,2,0,1.133333333
4,10,2,10,1,1,1,1000,512,10000,5,0,1.4
2,1,4,10,1,1,1,10,1024,100,2,29,1.1
4,10,4,1000000,10,1,1000,10,1024,100,2,29,53.04166667
2,10,2,1000000,10,1,1,10,512,100,5,0,0
4,10,2,1000000,1,1,1,1000,512,10000,2,29,5.641666667
4,1,4,10,10,1,1,10,1024,100,5,29,2.666666667
4,10,4,10,10,0,1000,1000,512,10000,2,29,701.3583333
4,1,4,10,10,0,1,10,1024,100,2,0,1.4
4,10,4,10,10,1,1,1000,512,10000,5,29,2.808333333
4,1,2,1000000,1,1,1000,1000,512,10000,5,29,1613.891667
2,10,2,1000000,1,0,1,10,1024,100,5,29,15.66666667
4,10,2,10,10,0,1,1000,512,10000,5,0,2.741666667
2,10,2,1000000,10,0,1000,1000,512,10000,2,29,0
4,1,2,1000000,10,1,1,1000,512,10000,2,0,33.85833333
4,1,4,10,1,1,1000,1000,1024,10000,5,29,104.575
4,1,4,1000000,10,0,1000,10,1024,100,5,0,0
4,1,4,1000000,1,0,1000,10,1024,100,2,29,2230.866667
4,10,2,1000000,10,0,1,10,1024,100,2,29,69.825
2,10,2,1000000,10,1,1,10,1024,100,2,29,0
4,10,2,1000000,1,0,1,10,1024,100,2,0,5.425
4,1,2,1000000,10,0,1000,1000,512,10000,5,0,190.175
2,10,2,1000000,10,1,1000,10,512,100,2,0,0
4,1,2,1000000,1,1,1000,1000,512,10000,2,0,3136.316667
2,1,2,1000000,1,1,1000,10,1024,100,2,29,587.575
4,1,2,10,1,0,1,10,512,100,5,0,1.258333333
4,10,4,1000000,10,1,1,10,1024,100,2,29,79.20833333
4,1,4,10,10,1,1,1000,512,10000,5,29,3.908333333
2,10,2,1000000,1,0,1,10,512,100,2,0,6.341666667
2,1,2,1000000,1,1,1,1000,1024,10000,5,0,19.21666667
2,10,4,10,10,1,1,1000,512,10000,2,0,1.125
2,10,2,10,1,0,1,10,1024,100,2,29,1.1
4,10,2,10,1,0,1,10,512,100,2,0,1.158333333
2,1,2,1000000,1,0,1,1000,512,10000,2,29,11.13333333
4,1,4,10,1,1,1,10,1024,100,5,29,1.25
2,10,2,1000000,1,0,1000,1000,512,10000,5,29,456.6666667
2,10,2,10,10,0,1000,10,512,100,5,0,753.3666667
4,10,2,10,10,1,1,1000,512,10000,5,29,2.566666667
2,10,4,1000000,10,0,1000,1000,512,10000,2,29,0
4,10,4,10,10,0,1000,1000,512,10000,5,0,1921
2,1,2,10,1,1,1000,10,512,100,5,0,58.99166667
4,1,2,10,1,1,1,10,1024,100,2,0,1.158333333
2,10,4,1000000,1,1,1000,10,1024,100,5,0,3990.125
4,10,4,10,1,1,1000,10,1024,100,2,0,15.44166667
2,10,2,1000000,1,0,1,1000,1024,10000,5,29,15.925
2,10,2,10,1,1,1000,1000,512,10000,5,29,59.56666667
4,1,2,1000000,1,1,1000,1000,1024,10000,5,29,1551.033333
2,1,4,1000000,1,0,1,10,1024,100,5,0,19.63333333
2,1,4,1000000,10,1,1,1000,512,10000,5,0,0
2,1,4,10,10,0,1,10,512,100,2,29,1.125
4,1,2,10,1,0,1,10,1024,100,2,29,1.141666667
4,10,2,10,10,0,1000,1000,512,10000,2,0,603.5
4,1,4,1000000,10,0,1,1000,512,10000,2,0,35.55
2,10,2,1000000,10,1,1,1000,1024,10000,5,0,0
4,1,4,10,1,0,1,10,1024,100,5,0,1.258333333
4,10,2,10,10,0,1000,1000,1024,10000,2,0,647.0916667
2,10,4,1000000,10,0,1,1000,512,10000,2,0,0
4,10,4,10,1,1,1,10,512,100,2,0,1.175
2,1,2,1000000,1,1,1,10,512,100,5,29,19.1
2,1,2,10,10,1,1,10,512,100,2,29,1.15
2,10,4,10,1,1,1,10,1024,100,2,29,1.1
4,1,4,1000000,1,1,1,1000,512,10000,2,29,8.541666667
4,1,2,10,10,0,1000,1000,512,10000,2,0,486.1
2,10,2,10,1,1,1000,10,1024,100,2,0,16.20833333
2,1,2,1000000,1,1,1000,1000,1024,10000,5,29,0
2,10,2,1000000,1,1,1,1000,512,10000,2,0,6.575
2,10,2,10,10,1,1,1000,1024,10000,2,0,1.133333333
2,1,2,1000000,1,1,1,1000,512,10000,2,0,11.54166667
2,1,2,10,1,0,1,10,1024,100,2,0,1.1
4,10,2,10,1,1,1,1000,512,10000,5,29,1.241666667
4,1,2,10,1,1,1000,10,1024,100,2,29,33.83333333
2,10,2,1000000,10,0,1000,1000,512,10000,5,29,0
2,1,2,1000000,1,0,1000,10,512,100,5,29,1114.375
2,10,4,10,10,1,1000,10,512,100,2,29,301.425
2,10,2,1000000,1,1,1000,1000,512,10000,5,0,563.65
4,10,2,10,10,1,1000,1000,1024,10000,2,0,623.0916667
4,1,2,1000000,10,1,1000,1000,512,10000,5,0,0
4,10,2,1000000,1,0,1,1000,1024,10000,2,0,5.391666667
4,10,2,1000000,1,1,1,1000,1024,10000,2,0,5.875
2,10,2,1000000,1,0,1000,1000,1024,10000,5,0,7665.775
4,1,4,1000000,1,1,1000,1000,512,10000,2,29,600.3916667
2,10,4,1000000,10,1,1,1000,512,10000,2,0,0
4,1,2,1000000,1,1,1,10,1024,100,5,0,22.24166667
4,10,4,1000000,1,1,1000,1000,1024,10000,2,0,656.9833333
4,1,4,1000000,10,1,1,1000,1024,10000,2,29,37.625
4,10,4,10,10,0,1000,10,512,100,2,29,678.725
2,1,4,10,1,1,1000,10,512,100,5,0,45.675
4,10,4,10,10,0,1000,1000,1024,10000,5,0,1634.791667
4,10,2,10,10,0,1,10,1024,100,2,29,1.366666667
2,1,2,1000000,10,0,1,1000,1024,10000,5,29,0
4,1,4,1000000,1,0,1000,1000,1024,10000,2,29,3601.925
2,10,4,10,1,0,1000,1000,512,10000,5,29,38.10833333
4,1,2,10,1,0,1000,1000,1024,10000,2,0,34.64166667
2,1,2,10,1,1,1,10,512,100,5,29,1.116666667
2,10,2,10,1,0,1,1000,512,10000,2,0,1.1
4,1,4,1000000,1,0,1,10,512,100,5,29,19.8
4,10,2,10,1,0,1,10,1024,100,5,29,1.266666667
4,1,4,10,10,1,1000,1000,512,10000,2,0,548.4
2,10,2,1000000,1,1,1000,10,1024,100,5,29,3230
2,10,2,10,1,1,1,10,1024,100,5,0,1.116666667
2,10,2,10,10,1,1,1000,1024,10000,5,0,1.375
4,1,4,10,1,0,1,1000,1024,10000,2,29,3.808333333
2,10,4,1000000,1,1,1,1000,512,10000,5,0,15.89166667
2,10,4,10,1,1,1,1000,1024,10000,2,29,1.1
4,1,2,10,10,1,1,10,1024,100,2,29,1.75
2,1,4,10,1,1,1,10,512,100,2,29,1.1
2,10,4,10,1,0,1000,1000,512,10000,2,0,7.608333333
2,1,2,1000000,10,1,1000,1000,512,10000,5,29,0
2,10,2,1000000,1,1,1,1000,1024,10000,5,29,15.54166667
2,1,2,1000000,10,1,1000,10,512,100,5,0,0
2,10,2,1000000,1,0,1000,10,512,100,2,0,1466.891667
4,10,2,10,10,1,1,1000,512,10000,5,0,2.575
4,1,4,1000000,10,0,1,10,1024,100,5,29,42.5
2,10,4,1000000,10,1,1000,1000,1024,10000,2,0,0
4,10,4,10,1,1,1000,1000,512,10000,2,0,14.08333333
4,10,2,10,10,1,1000,10,1024,100,5,29,1735.666667
2,1,4,10,10,0,1000,1000,1024,10000,5,0,616.0333333
2,10,4,1000000,1,0,1,1000,1024,10000,2,29,6.508333333
4,10,4,10,10,0,1,10,512,100,5,29,2.925
2,1,4,1000000,10,1,1000,10,1024,100,5,29,0
4,1,2,10,10,1,1,1000,1024,10000,5,0,2.458333333
2,1,2,1000000,10,0,1,1000,512,10000,2,29,0
4,10,2,10,10,0,1000,1000,512,10000,5,0,1699.733333
4,1,4,10,1,0,1000,1000,1024,10000,2,0,23.325
2,1,4,1000000,1,1,1000,10,1024,100,5,0,532.5
4,10,2,1000000,1,0,1000,1000,512,10000,5,0,4547.375
4,10,4,1000000,10,1,1000,1000,1024,10000,5,0,61.05
2,10,2,10,1,1,1,1000,1024,10000,5,29,1.116666667
4,10,4,10,10,1,1,1000,1024,10000,5,0,2.725
4,10,4,10,1,1,1000,10,512,100,2,0,14.525
2,1,4,10,1,0,1,1000,512,10000,5,0,1.125
2,1,2,10,1,1,1,10,512,100,2,0,1.1
4,10,2,1000000,10,1,1,1000,1024,10000,5,29,516.2166667
2,10,4,10,1,0,1,10,1024,100,5,29,1.225
2,10,4,1000000,10,0,1000,10,1024,100,2,29,0
4,1,4,1000000,1,1,1000,1000,512,10000,5,29,194.1666667
2,10,4,10,1,0,1,10,512,100,2,29,1.1
4,1,4,10,10,0,1000,10,512,100,5,29,1737.391667
4,1,4,10,10,0,1,10,512,100,5,29,3.275
4,10,4,1000000,10,0,1000,1000,512,10000,2,29,45.125
4,1,4,10,10,0,1,1000,1024,10000,2,29,1.375
2,1,2,10,10,0,1,10,1024,100,5,29,1.291666667
2,10,4,10,1,1,1,1000,512,10000,2,0,1.1
2,1,4,10,1,1,1,1000,512,10000,5,0,1.116666667
2,10,2,10,1,1,1000,1000,512,10000,2,0,17.29166667
2,1,2,1000000,1,1,1,10,1024,100,5,29,20.075
4,1,2,1000000,1,1,1000,10,512,100,5,29,0
2,1,2,1000000,1,1,1000,1000,512,10000,2,0,341.3833333
4,1,2,10,10,0,1,1000,1024,10000,2,29,1.475
4,1,2,10,10,1,1,1000,512,10000,2,29,1.45
4,10,2,1000000,10,0,1,1000,512,10000,5,0,81.475
2,10,2,10,10,1,1,10,1024,100,5,29,1.366666667
2,1,2,10,1,1,1,1000,512,10000,2,29,1.1
4,1,2,10,10,1,1000,1000,1024,10000,5,29,1349.041667
4,1,4,10,1,1,1000,10,1024,100,2,0,16.85
2,10,2,1000000,10,1,1000,10,1024,100,5,0,0
2,1,2,10,1,1,1,1000,1024,10000,2,29,1.1
2,10,2,1000000,1,0,1,1000,1024,10000,5,0,16.025
4,1,2,1000000,1,0,1000,10,1024,100,2,0,579
2,1,2,1000000,1,0,1,1000,1024,10000,2,29,11.50833333
4,10,2,10,10,1,1,1000,1024,10000,2,0,1.425
4,1,2,1000000,1,0,1000,1000,1024,10000,2,0,2355.758333
4,10,4,10,1,0,1000,10,512,100,2,29,11.35
2,10,4,10,10,0,1,10,512,100,5,29,1.366666667
2,1,2,10,1,0,1000,1000,512,10000,2,29,19.55
2,10,4,1000000,10,1,1000,10,1024,100,5,0,0
4,1,2,1000000,1,0,1,10,512,100,2,29,5.375
2,10,2,1000000,10,1,1,10,512,100,2,29,0
4,10,4,10,10,0,1000,10,512,100,2,0,800.45
2,1,2,1000000,1,0,1,10,1024,100,5,29,20.40833333
4,1,2,1000000,10,0,1000,10,512,100,5,29,0
2,1,4,1000000,10,1,1000,1000,512,10000,2,0,0
2,10,4,10,10,1,1,1000,1024,10000,2,29,1.391666667
4,1,2,1000000,1,0,1000,10,512,100,2,29,2165.533333
4,10,2,1000000,1,0,1000,10,512,100,2,29,1332.541667
2,1,2,10,1,0,1,10,512,100,5,0,1.108333333
2,10,2,1000000,10,1,1000,1000,512,10000,2,0,0
4,1,2,10,10,0,1000,10,1024,100,5,29,1217.8
2,10,4,10,10,1,1000,10,1024,100,5,0,632.4166667
4,10,4,10,1,0,1,10,1024,100,2,0,1.175
4,1,4,1000000,1,0,1,1000,1024,10000,2,29,8.291666667
2,10,2,10,1,1,1,10,512,100,5,29,1.125
4,1,4,10,10,1,1000,1000,512,10000,2,29,557.0416667
4,10,4,10,1,0,1,10,1024,100,5,0,1.266666667
2,10,4,1000000,10,0,1,10,512,100,5,0,0
2,1,4,10,10,0,1,10,512,100,5,29,1.583333333
4,10,4,10,10,1,1,10,1024,100,2,0,1.4
4,1,2,10,1,0,1000,1000,512,10000,5,29,98.575
2,1,4,1000000,10,1,1000,1000,1024,10000,5,0,0
4,1,4,10,10,1,1000,10,512,100,5,29,1834.716667
4,10,4,10,10,0,1000,10,512,100,5,0,1699.941667
4,10,2,1000000,1,0,1,1000,512,10000,2,0,5.808333333
2,10,4,1000000,1,1,1000,1000,1024,10000,2,29,1820.016667
4,1,2,10,10,0,1000,1000,1024,10000,2,0,485.4
2,1,4,10,1,1,1,1000,1024,10000,5,29,1.125
2,10,2,1000000,10,0,1,1000,1024,10000,5,0,0
4,1,2,1000000,10,0,1000,10,1024,100,2,29,321.675
2,1,2,1000000,1,0,1,1000,512,10000,5,29,19.41666667
4,10,2,1000000,10,0,1000,10,512,100,5,29,17.68333333
4,1,2,10,1,0,1000,10,1024,100,2,29,37.65
2,1,4,10,10,0,1000,10,512,100,5,29,663.825
4,10,4,10,1,0,1000,10,1024,100,2,0,15.54166667
4,1,4,1000000,10,1,1,1000,1024,10000,2,0,35.14166667
2,10,2,10,10,1,1,10,512,100,5,0,1.366666667
2,10,2,1000000,10,1,1000,1000,1024,10000,5,29,0
2,1,2,1000000,10,0,1000,10,512,100,2,0,0
4,1,4,10,1,1,1000,10,512,100,5,0,94.09166667
2,1,4,10,1,0,1,1000,512,10000,5,29,1.108333333
4,1,4,1000000,1,0,1,1000,1024,10000,5,0,19.53333333
4,1,2,10,1,1,1,10,1024,100,2,29,1.158333333
4,1,2,10,10,0,1,1000,1024,10000,5,29,2.533333333
2,10,4,1000000,10,0,1000,1000,1024,10000,5,0,0
4,1,4,10,10,0,1,10,1024,100,5,0,2.808333333
2,10,2,10,10,1,1000,1000,1024,10000,2,0,248.95
4,10,2,10,1,0,1000,1000,512,10000,2,29,24.79166667
4,10,2,10,1,0,1,1000,1024,10000,5,0,1.275
2,1,2,10,1,1,1,10,1024,100,2,0,1.1
2,10,4,1000000,10,0,1,10,512,100,2,0,0
4,1,4,1000000,1,0,1000,10,512,100,2,0,783.0083333
2,10,2,1000000,10,0,1000,10,1024,100,2,29,0
2,10,2,1000000,10,0,1,1000,1024,10000,5,29,0
4,1,2,10,1,1,1000,1000,1024,10000,5,29,105.7666667
2,1,2,10,10,0,1,1000,512,10000,2,29,1.366666667
4,1,2,1000000,1,0,1000,1000,1024,10000,5,29,1081.125
4,1,2,10,1,1,1,1000,1024,10000,5,0,1.258333333
2,10,2,1000000,1,1,1000,10,1024,100,2,29,1228.216667
4,10,2,10,1,0,1000,1000,1024,10000,2,29,24.25833333
2,1,2,1000000,10,0,1000,1000,1024,10000,5,29,0
2,1,4,1000000,10,0,1000,10,512,100,2,0,0
2,10,2,1000000,10,1,1,1000,1024,10000,2,0,0
2,1,2,10,10,1,1,1000,512,10000,2,29,1.116666667
4,1,4,1000000,1,0,1,1000,512,10000,5,0,19.05833333
4,1,4,1000000,10,1,1,10,1024,100,5,0,284.7166667
2,1,4,10,10,0,1000,1000,512,10000,2,0,402.2583333
2,10,4,10,1,1,1000,1000,512,10000,2,0,9.916666667
2,10,4,1000000,1,1,1000,10,512,100,5,29,4350.483333
4,10,2,10,1,0,1000,10,512,100,5,0,81.4
4,10,4,1000000,1,0,1000,10,512,100,5,29,2816.433333
2,1,4,10,1,0,1,10,1024,100,2,0,1.1
2,10,4,10,1,0,1000,10,1024,100,5,0,38.35833333
2,10,4,1000000,10,0,1000,10,512,100,2,0,0
4,10,4,1000000,10,0,1,10,512,100,2,29,224.35
2,10,2,10,1,0,1,10,512,100,5,0,1.125
4,10,4,10,1,0,1000,1000,512,10000,2,0,17.43333333
2,1,2,10,10,0,1,1000,1024,10000,5,29,1.275
4,10,2,10,1,1,1000,1000,512,10000,5,0,65.48333333
4,1,2,1000000,10,0,1,10,1024,100,5,0,312.2916667
4,10,2,1000000,1,1,1000,10,1024,100,5,29,628.2
2,10,4,10,1,0,1,1000,512,10000,2,29,1.1
4,10,4,10,10,0,1000,1000,1024,10000,2,0,722.6583333
2,10,4,1000000,1,1,1,10,512,100,2,0,6.125
2,1,2,1000000,1,1,1000,10,512,100,2,29,3181.125
2,1,4,1000000,10,0,1,1000,512,10000,5,0,0
4,1,4,10,1,0,1000,1000,1024,10000,2,29,22.725
2,10,4,10,10,1,1000,1000,1024,10000,5,0,647.1833333
2,10,2,10,10,1,1000,1000,1024,10000,2,29,261.5666667
2,1,4,1000000,10,0,1,10,512,100,5,0,0
2,10,2,1000000,10,0,1,1000,1024,10000,2,0,0
4,10,4,10,1,1,1000,10,1024,100,2,29,11.43333333
4,1,2,10,10,0,1000,10,1024,100,5,0,1189.475
2,1,2,10,10,0,1000,10,1024,100,5,29,566.2333333
2,10,2,10,10,0,1,1000,1024,10000,5,0,1.391666667
4,10,2,1000000,1,0,1000,1000,1024,10000,2,29,2453.6
2,1,4,10,10,0,1000,1000,1024,10000,2,29,252.8833333
4,10,2,1000000,10,1,1000,10,1024,100,2,29,98.4
2,10,4,10,10,1,1,10,1024,100,2,0,1.108333333
4,10,4,10,1,0,1000,1000,1024,10000,5,0,65.74166667
2,1,4,10,1,1,1,1000,512,10000,2,29,1.1
4,1,4,10,10,0,1,10,512,100,2,0,1.35
2,1,2,10,10,0,1000,10,512,100,5,0,816.5416667
2,10,2,10,1,0,1000,1000,1024,10000,5,0,53.40833333
4,10,2,1000000,10,0,1,1000,1024,10000,5,29,191.4583333
4,10,4,1000000,1,0,1,10,1024,100,5,29,18.55
4,10,4,1000000,10,0,1,1000,1024,10000,2,29,187.4583333
2,1,2,1000000,10,0,1000,1000,512,10000,5,0,0
2,10,4,1000000,10,0,1000,1000,512,10000,5,0,0
4,1,4,1000000,1,1,1000,10,1024,100,5,29,857.2
4,10,4,1000000,10,1,1000,1000,1024,10000,2,0,22.43333333
4,10,4,1000000,1,0,1000,10,512,100,2,0,898.8
2,1,2,1000000,10,0,1,1000,512,10000,2,0,0
4,1,4,1000000,10,1,1,1000,1024,10000,5,29,182.725
2,1,2,1000000,1,0,1000,1000,512,10000,5,29,1548.133333
2,10,2,10,1,1,1,10,512,100,5,0,1.141666667
4,10,4,10,1,0,1,1000,1024,10000,2,29,1.158333333
2,1,4,1000000,1,1,1,1000,1024,10000,2,0,12.16666667
2,1,4,10,1,0,1,1000,1024,10000,2,29,1.1
4,1,4,10,1,1,1,10,512,100,2,29,1.158333333
4,10,4,1000000,10,0,1,1000,1024,10000,5,29,164.35
2,1,2,1000000,1,1,1,10,1024,100,5,0,19.3
4,10,4,1000000,10,1,1000,1000,512,10000,5,0,115.7083333
4,1,4,1000000,1,1,1000,10,512,100,5,0,612
4,10,4,1000000,10,0,1000,10,1024,100,5,0,0
4,1,4,10,10,0,1,10,1024,100,2,29,1.35
4,1,4,1000000,1,1,1000,10,512,100,2,0,542.775
4,10,2,1000000,1,0,1,1000,512,10000,5,29,18.7
2,10,2,1000000,1,0,1,1000,512,10000,2,29,6.525
4,10,2,1000000,1,0,1000,1000,1024,10000,2,0,1723.883333
4,10,2,1000000,1,1,1,1000,1024,10000,5,29,19.2
4,10,4,1000000,1,0,1,10,1024,100,2,0,7.116666667
4,1,2,1000000,1,0,1,10,1024,100,5,29,23.11666667
2,1,2,10,10,0,1000,10,1024,100,5,0,577.975
4,1,2,10,10,1,1000,1000,512,10000,5,0,1187.675
2,1,4,1000000,10,0,1000,1000,512,10000,5,29,0
2,10,2,10,10,1,1000,1000,512,10000,5,29,714.25
2,1,4,10,1,0,1000,1000,512,10000,5,29,43.73333333
2,10,4,10,1,0,1000,10,1024,100,5,29,37.15833333
2,10,2,10,10,0,1,1000,512,10000,2,0,1.125
4,10,4,1000000,10,0,1,1000,512,10000,2,0,100.2
2,10,4,10,10,0,1,10,1024,100,2,29,1.116666667
2,1,2,10,10,1,1000,1000,512,10000,2,29,262.8
2,10,4,10,10,1,1,10,1024,100,5,0,1.4
4,10,2,10,1,0,1,1000,512,10000,2,0,1.125
2,1,2,10,10,1,1000,1000,1024,10000,5,0,600.975
2,10,2,1000000,10,0,1000,10,512,100,5,29,0
2,1,4,10,1,0,1,10,1024,100,2,29,1.1
2,1,2,10,1,1,1,10,1024,100,5,0,1.108333333
4,1,4,10,1,1,1000,10,512,100,5,29,91.175
4,10,2,10,1,1,1,10,512,100,5,29,1.25
2,1,2,1000000,10,0,1,10,512,100,5,0,0
4,1,2,10,10,0,1,10,512,100,2,29,1.366666667
4,1,4,1000000,10,0,1,1000,1024,10000,5,29,267.7333333
2,10,4,1000000,1,0,1000,10,1024,100,5,29,370.25
4,1,2,1000000,1,0,1000,10,1024,100,5,29,639.3333333
4,1,4,1000000,10,1,1,10,512,100,5,0,14.5
2,10,2,1000000,1,1,1,1000,512,10000,5,29,15.28333333
2,10,4,1000000,10,0,1000,1000,512,10000,5,29,0
2,10,4,10,1,1,1000,1000,512,10000,2,29,9.566666667
4,1,4,10,10,1,1,1000,512,10000,2,29,1.45
2,1,4,1000000,1,1,1,10,1024,100,2,0,11.66666667
4,1,4,10,10,0,1000,1000,512,10000,2,0,549.0666667
4,1,4,1000000,1,0,1000,10,1024,100,5,0,6290.35
2,1,2,1000000,10,1,1,1000,512,10000,5,0,0
2,10,4,1000000,10,0,1000,10,1024,100,2,0,0
4,10,2,1000000,10,1,1000,10,1024,100,2,0,101.8333333
2,10,4,1000000,10,0,1000,1000,1024,10000,2,29,0
4,10,2,1000000,10,1,1000,1000,1024,10000,2,0,13.875
4,1,2,10,10,1,1000,1000,1024,10000,2,0,450.9
4,10,2,1000000,1,1,1,1000,512,10000,5,29,18.725
4,1,4,1000000,1,1,1,1000,512,10000,5,29,19.90833333
2,10,2,10,1,1,1,10,512,100,2,0,1.1
4,1,4,10,1,0,1000,1000,512,10000,2,0,19.21666667
2,1,2,1000000,1,0,1000,10,512,100,2,29,1185.675
2,1,4,10,10,1,1,10,1024,100,2,0,1.125
2,1,2,1000000,10,1,1,1000,1024,10000,5,29,0
4,10,4,10,10,1,1,1000,512,10000,2,0,1.516666667
2,10,4,1000000,10,0,1,1000,1024,10000,5,29,0
2,10,4,1000000,1,0,1,10,512,100,5,0,129.5666667
4,1,4,1000000,10,1,1000,10,512,100,2,29,109.1916667
4,10,2,1000000,10,1,1,10,1024,100,2,29,250.6833333
2,10,2,10,10,1,1000,1000,1024,10000,5,29,764.825
2,10,4,10,10,0,1000,1000,1024,10000,5,29,652.3
4,10,4,10,1,0,1000,1000,1024,10000,5,29,58.28333333
2,10,2,10,10,0,1000,1000,1024,10000,2,0,256.375
2,10,4,10,1,1,1,10,512,100,2,0,1.1
4,10,2,10,1,0,1000,1000,1024,10000,2,0,29.725
4,1,2,1000000,1,0,1000,1000,1024,10000,2,29,2376.708333
4,1,2,1000000,1,1,1,10,512,100,2,0,5.316666667